region,period,file,firstTimestamp,lastTimestamp,rows,malformedRows,intervalModeMinutes,firstIntervalMinutes,expectedFullRows,expectedSpanRows,coverageFullPct,coverageSpanPct,estimatedMissingIntervals,intervalAnomalies,duplicateIntervals,isPartialMonth,status,meanRRP,minRRP,maxRRP,p05RRP,p25RRP,p50RRP,p75RRP,p90RRP,p95RRP,p99RRP,meanDemand,minDemand,maxDemand,demandP95,negativeRRPCount,highRRPIntervalCount,highRRPEventCount,longestHighRRPEventIntervals,longestHighRRPEventMinutes
NSW,202101,NSW202101.csv,2021/01/01 00:30:00,2021/02/01 00:00:00,1488,0,30,30.0,1488,1488,100.0,100.0,0,0,0,False,ok,38.839543,-1.26,299.99,26.27,33.1675,35.77,38.6025,45.288,55.5585,139.1951,7570.487742,5457.08,12197.57,10248.7635,1,0,0,0,0
NSW,202102,NSW202102.csv,2021/02/01 00:30:00,2021/03/01 00:00:00,1344,0,30,30.0,1344,1344,100.0,100.0,0,0,0,False,ok,35.129606,-4.02,163.19,26.8745,32.6875,35.09,36.2925,39.59,43.6185,58.8672,7469.320655,5704.44,10177.59,9014.9045,1,0,0,0,0
NSW,202103,NSW202103.csv,2021/03/01 00:30:00,2021/04/01 00:00:00,1488,0,30,30.0,1488,1488,100.0,100.0,0,0,0,False,ok,38.967856,4.25,255.61,24.209,32.59,35.475,40.36,52.645,62.257,105.163,7320.171344,5468.27,11404.28,8717.593,0,0,0,0,0
NSW,202104,NSW202104.csv,2021/04/01 00:30:00,2021/05/01 00:00:00,1440,0,30,30.0,1440,1440,100.0,100.0,0,0,0,False,ok,55.707062,-41.99,2673.52,19.1635,34.2475,39.03,55.8425,89.434,157.285,280.8632,7167.313153,5170.46,9605.85,8746.4315,31,1,1,1,30
NSW,202105,NSW202105.csv,2021/05/01 00:30:00,2021/06/01 00:00:00,1488,0,30,30.0,1488,1488,100.0,100.0,0,0,0,False,ok,117.590128,6.95,7651.8,31.694,36.775,46.6,67.415,148.998,242.4515,2450.6904,7847.246391,5848.51,10588.39,9841.688,0,34,17,5,150
NSW,202106,NSW202106.csv,2021/06/01 00:30:00,2021/07/01 00:00:00,1440,0,30,30.0,1440,1440,100.0,100.0,0,0,0,False,ok,160.039562,-85.28,8022.05,37.1295,54.84,76.415,115.965,211.504,299.124,2394.1982,8814.176722,6493.13,12863.76,11097.5375,1,54,25,10,300
NSW,202107,NSW202107.csv,2021/07/01 00:30:00,2021/08/01 00:00:00,1488,0,30,30.0,1488,1488,100.0,100.0,0,0,0,False,ok,124.012688,-96.28,5176.53,30.0975,49.99,74.41,138.4875,246.97,297.531,371.0319,8733.675464,6424.44,12396.95,11197.6585,10,40,19,7,210
NSW,202108,NSW202108.csv,2021/08/01 00:30:00,2021/09/01 00:00:00,1488,0,30,30.0,1488,1488,100.0,100.0,0,0,0,False,ok,60.146452,-92.69,299.98,1.948,37.9775,55.0,76.5,101.973,121.672,248.2711,7806.468952,5189.86,12040.28,9928.1545,66,0,0,0,0
NSW,202109,NSW202109.csv,2021/09/01 00:30:00,2021/10/01 00:00:00,1440,0,30,30.0,1440,1440,100.0,100.0,0,0,0,False,ok,48.904944,-51.11,299.98,-14.212,36.225,51.475,62.3225,79.122,92.8845,188.0434,7066.365521,4767.17,10236.28,8870.6635,125,0,0,0,0
NSW,202110,NSW202110.csv,2021/10/01 00:05:00,2021/11/01 00:00:00,8928,0,5,5.0,8928,8928,100.0,100.0,0,0,0,False,ok,57.116968,-80.0,910.63,-28.677,43.58,59.96,69.89,82.95,101.4365,277.94,6722.81355,4286.19,9331.65,8232.363,877,2,2,1,5
NSW,202111,NSW202111.csv,2021/11/01 00:05:00,2021/12/01 00:00:00,8640,0,5,5.0,8640,8640,100.0,100.0,0,0,0,False,ok,64.44016,-60.38,15100.0,10.829,50.05,60.755,68.5,82.95,98.7075,157.6631,6944.08628,4962.66,8885.21,8187.516,298,6,6,1,5
NSW,202112,NSW202112.csv,2021/12/01 00:05:00,2022/01/01 00:00:00,8928,0,5,5.0,8928,8928,100.0,100.0,0,0,0,False,ok,67.960395,-1000.0,1175.71,9.7745,55.01,65.03,78.07,108.0,123.14,192.6819,7146.572273,5200.2,11196.03,8994.715,301,3,2,2,10
NSW,202201,NSW202201.csv,2022/01/01 00:05:00,2022/02/01 00:00:00,8928,0,5,5.0,8928,8928,100.0,100.0,0,0,0,False,ok,77.167739,-322.46,299.99,33.165,66.035,76.575,83.0,100.286,115.9795,215.2374,7623.912866,5604.14,11603.27,9494.638,47,0,0,0,0
NSW,202202,NSW202202.csv,2022/02/01 00:05:00,2022/03/01 00:00:00,8064,0,5,5.0,8064,8064,100.0,100.0,0,0,0,False,ok,83.033338,-1000.0,15100.0,28.7645,67.435,79.015,91.97,110.851,124.3985,217.8891,7528.933838,5318.28,12518.02,9532.626,199,35,11,8,40
NSW,202203,NSW202203.csv,2022/03/01 00:05:00,2022/04/01 00:00:00,8928,0,5,5.0,8928,8928,100.0,100.0,0,0,0,False,ok,100.683331,-86.86,8574.44,62.5945,84.98,97.955,110.58,122.52,142.4165,256.7336,7351.063168,5153.04,9691.24,8694.5435,14,5,5,1,5
NSW,202204,NSW202204.csv,2022/04/01 00:05:00,2022/05/01 00:00:00,8640,0,5,5.0,8640,8640,100.0,100.0,0,0,0,False,ok,186.865303,-45.0,2258.16,62.4985,121.01,170.035,280.0,299.98,299.99,299.99,7065.332622,4995.58,9449.51,8609.464,31,43,15,17,85
NSW,202205,NSW202205.csv,2022/05/01 00:05:00,2022/06/01 00:00:00,8928,0,5,5.0,8928,8928,100.0,100.0,0,0,0,False,ok,320.48388,-38.82,15100.0,120.94,240.96,299.215,322.4425,355.01,443.3095,610.1,7810.087545,5432.63,11860.43,9811.501,12,3147,377,219,1095
NSW,202206,NSW202206.csv,2022/06/01 00:05:00,2022/07/01 00:00:00,8640,0,5,5.0,8640,8640,100.0,100.0,0,0,0,False,ok,398.043326,-44.33,15100.0,207.02,298.97,352.0,451.0,563.635,610.9,1020.01,8840.958416,6162.16,12249.16,11208.387,48,6460,195,1017,5085
NSW,202207,NSW202207.csv,2022/07/01 00:05:00,2022/08/01 00:00:00,8928,0,5,5.0,8928,8928,100.0,100.0,0,0,0,False,ok,371.170319,-43.63,15500.0,115.866,286.0875,352.515,442.3925,594.189,661.74,832.5669,8905.46863,6105.59,12415.43,11143.5595,100,6468,312,615,3075
NSW,202208,NSW202208.csv,2022/08/01 00:05:00,2022/09/01 00:00:00,8928,0,5,5.0,8928,8928,100.0,100.0,0,0,0,False,ok,148.316355,-55.0,502.53,22.188,96.66,148.99,179.4825,274.716,299.99,373.8204,8248.450436,5287.63,12141.49,10510.0325,281,263,46,42,210
NSW,202209,NSW202209.csv,2022/09/01 00:05:00,2022/10/01 00:00:00,8640,0,5,5.0,8640,8640,100.0,100.0,0,0,0,False,ok,153.868921,-79.74,1025.2,-22.101,117.8025,161.0,200.01,269.01,299.99,334.02,7516.122149,4196.88,10902.13,9485.027,649,185,29,35,175
NSW,202210,NSW202210.csv,2022/10/01 00:05:00,2022/11/01 00:00:00,8928,0,5,5.0,8928,8928,100.0,100.0,0,0,0,False,ok,151.64934,-120.0,13811.77,0.8725,121.28,150.75,185.5675,232.747,282.4325,299.99,7052.456815,4130.43,9821.55,8565.583,424,65,38,9,45
NSW,202211,NSW202211.csv,2022/11/01 00:05:00,2022/12/01 00:00:00,8640,0,5,5.0,8640,8640,100.0,100.0,0,0,0,False,ok,112.89967,-80.0,14450.58,-17.74,82.9575,118.99,143.22,181.102,240.38,299.99,6617.120862,4138.2,8698.7,8099.4835,709,61,20,21,105
NSW,202212,NSW202212.csv,2022/12/01 00:05:00,2023/01/01 00:00:00,8928,0,5,5.0,8928,8928,100.0,100.0,0,0,0,False,ok,82.640309,-120.0,15500.0,-37.819,33.1875,93.355,120.01,140.853,150.02,223.42,6721.055498,4530.54,9575.59,8186.826,1259,24,7,7,35
NSW,202301,NSW202301.csv,2023/01/01 00:05:00,2023/02/01 00:00:00,8928,0,5,5.0,8928,8928,100.0,100.0,0,0,0,False,ok,94.3943,-999.99,1254.85,18.314,77.385,94.515,118.99,138.293,159.3565,248.3093,7319.430705,4450.19,11035.01,9501.898,328,43,11,29,145
NSW,202302,NSW202302.csv,2023/02/01 00:05:00,2023/03/01 00:00:00,8064,0,5,5.0,8064,8064,100.0,100.0,0,0,0,False,ok,90.129096,-999.99,958.68,0.874,68.84,90.2,114.8675,128.04,154.4105,299.98,7643.787197,4604.97,11871.99,9906.3135,392,55,17,19,95
NSW,202303,NSW202303.csv,2023/03/01 00:05:00,2023/04/01 00:00:00,8928,0,5,5.0,8928,8928,100.0,100.0,0,0,0,False,ok,116.014416,-48.84,14506.69,25.882,73.1775,90.2,109.04,141.467,173.7785,299.99,7609.466501,5023.96,13118.73,9669.008,230,70,25,17,85
NSW,202304,NSW202304.csv,2023/04/01 00:05:00,2023/05/01 00:00:00,8640,0,5,5.0,8640,8640,100.0,100.0,0,0,0,False,ok,110.841692,-81.0,1264.76,0.0,71.1425,100.01,140.0,184.51,291.4315,316.304,6928.495932,3957.32,9359.62,8564.284,464,111,37,26,130
NSW,202305,NSW202305.csv,2023/05/01 00:05:00,2023/06/01 00:00:00,8928,0,5,5.0,8928,8928,100.0,100.0,0,0,0,False,ok,193.987511,-908.49,15500.0,44.8215,97.865,142.095,196.11,299.99,299.99,522.1975,7976.602829,5205.52,11165.16,10231.088,76,331,80,27,135
NSW,202306,NSW202306.csv,2023/06/01 00:05:00,2023/07/01 00:00:00,8640,0,5,5.0,8640,8640,100.0,100.0,0,0,0,False,ok,105.197139,-50.01,14800.0,21.356,64.99,89.0,117.94,150.481,220.39,299.99,8467.987291,5642.4,12589.22,11031.485,160,82,35,18,90
NSW,202307,NSW202307.csv,2023/07/01 00:05:00,2023/08/01 00:00:00,8928,0,5,5.0,8928,8928,100.0,100.0,0,0,0,False,ok,84.147406,-61.69,1188.32,-0.9595,54.98,74.695,108.2275,148.836,202.58,299.99,8197.766126,4890.02,11501.56,10493.33,548,17,6,7,35
NSW,202308,NSW202308.csv,2023/08/01 00:05:00,2023/09/01 00:00:00,8928,0,5,5.0,8928,8928,100.0,100.0,0,0,0,False,ok,93.309248,-60.49,16500.0,-4.859,55.7975,71.185,110.1775,153.297,218.0,299.99,7746.870594,4653.4,11209.27,9833.12,583,75,18,14,70
NSW,202309,NSW202309.csv,2023/09/01 00:05:00,2023/10/01 00:00:00,8640,0,5,5.0,8640,8640,100.0,100.0,0,0,0,False,ok,64.540206,-80.24,16599.89,-50.9405,31.105,61.5,85.99,123.757,169.4345,299.99,6890.217683,3967.21,9875.21,8896.3205,1338,12,7,6,30
NSW,202310,NSW202310.csv,2023/10/01 00:05:00,2023/11/01 00:00:00,8928,0,5,5.0,8928,8928,100.0,100.0,0,0,0,False,ok,42.084927,-75.41,2054.0,-50.2065,10.3675,55.895,60.52,88.88,111.0545,220.563,6531.689952,3664.34,9847.29,8339.2605,1705,2,2,1,5
NSW,202311,NSW202311.csv,2023/11/01 00:05:00,2023/12/01 00:00:00,8640,0,5,5.0,8640,8640,100.0,100.0,0,0,0,False,ok,87.353443,-55.21,15433.42,-16.301,50.8525,62.92,105.075,145.351,234.0065,352.92,6931.272278,3912.21,9276.92,8486.658,652,136,59,10,50
NSW,202312,NSW202312.csv,2023/12/01 00:05:00,2024/01/01 00:00:00,8928,0,5,5.0,8928,8928,100.0,100.0,0,0,0,False,ok,68.257956,-69.51,14248.59,-28.3055,41.625,59.99,86.4475,118.775,141.096,294.0314,7375.250356,4066.98,13053.11,10467.1885,940,44,20,11,55
NSW,202401,NSW202401.csv,2024/01/01 00:05:00,2024/02/01 00:00:00,8928,0,5,5.0,8928,8928,100.0,100.0,0,0,0,False,ok,81.17388,-878.45,11781.97,7.0905,49.0875,59.99,81.79,101.974,134.6695,299.98,7616.089782,4837.19,12494.58,10021.053,357,75,31,13,65
NSW,202402,NSW202402.csv,2024/02/01 00:05:00,2024/03/01 00:00:00,8352,0,5,5.0,8352,8352,100.0,100.0,0,0,0,False,ok,111.661369,-809.47,16600.0,10.0,51.595,65.08,88.88,135.97,238.9175,449.99,7887.902067,4871.1,13763.96,10769.75,279,171,39,44,220
NSW,202403,NSW202403.csv,2024/03/01 00:05:00,2024/04/01 00:00:00,8928,0,5,5.0,8928,8928,100.0,100.0,0,0,0,False,ok,70.465438,-62.37,299.99,0.0,52.0625,61.75,88.89,113.471,135.97,281.2814,7286.726556,4377.09,11384.16,9533.161,457,0,0,0,0
NSW,202404,NSW202404.csv,2024/04/01 00:05:00,2024/05/01 00:00:00,8640,0,5,5.0,8640,8640,100.0,100.0,0,0,0,False,ok,89.833397,-52.31,457.45,-9.5,54.3275,88.0,114.6225,152.006,223.052,299.99,6937.607252,4234.22,9620.05,8618.263,546,28,11,8,40
NSW,202405,NSW202405.csv,2024/05/01 00:05:00,2024/06/01 00:00:00,8928,0,5,5.0,8928,8928,100.0,100.0,0,0,0,False,ok,273.561447,-46.0,16600.0,25.0,70.2725,110.0,171.75,275.0,299.99,1908.1833,7749.012011,5137.18,10643.29,9671.933,126,261,51,46,230
NSW,202406,NSW202406.csv,2024/06/01 00:05:00,2024/07/01 00:00:00,8640,0,5,5.0,8640,8640,100.0,100.0,0,0,0,False,ok,152.746648,-47.0,1117.82,35.88,76.72,116.815,227.6475,299.99,314.542,449.99,8665.770418,5355.22,12113.02,11115.12,175,577,81,68,340
NSW,202407,NSW202407.csv,2024/07/01 00:05:00,2024/08/01 00:00:00,8928,0,5,5.0,8928,8928,100.0,100.0,0,0,0,False,ok,127.165074,-48.56,17289.83,19.0935,61.55,89.635,150.78,260.015,299.98,324.99,8646.994558,5129.17,12461.59,11137.48,332,125,16,24,120
NSW,202408,NSW202408.csv,2024/08/01 00:05:00,2024/09/01 00:00:00,8928,0,5,5.0,8928,8928,100.0,100.0,0,0,0,False,ok,174.447727,-595.5,17500.0,-44.99,57.0,98.195,150.8225,250.387,299.99,449.99,7709.249953,3650.37,11818.15,10246.5015,1011,164,35,49,245
NSW,202409,NSW202409.csv,2024/09/01 00:05:00,2024/10/01 00:00:00,8640,0,5,5.0,8640,8640,100.0,100.0,0,0,0,False,ok,58.017777,-64.7,17307.23,-48.81,5.315,63.43,87.89,120.527,139.198,226.4442,6718.589932,3280.94,10249.44,8788.69,1962,14,8,4,20
NSW,202410,NSW202410.csv,2024/10/01 00:05:00,2024/11/01 00:00:00,8928,0,5,5.0,8928,8928,100.0,100.0,0,0,0,False,ok,77.41026,-999.96,13918.52,-42.01,42.34,75.0,102.5,147.096,193.705,299.98,6467.629467,3015.86,8943.63,8257.7445,1370,46,29,5,25
NSW,202411,NSW202411.csv,2024/11/01 00:05:00,2024/12/01 00:00:00,8640,0,5,5.0,8640,8640,100.0,100.0,0,0,0,False,ok,219.679392,-60.82,17500.0,-28.01,70.0,106.5,156.0625,234.851,299.98,1079.2954,7048.409642,4156.19,11302.59,9000.8575,765,285,85,42,210
NSW,202412,NSW202412.csv,2024/12/01 00:05:00,2025/01/01 00:00:00,8928,0,5,5.0,8928,8928,100.0,100.0,0,0,0,False,ok,134.726855,-1000.0,17499.89,-33.603,52.45,87.5,149.97,221.293,279.3495,441.9654,7232.575283,3268.88,12549.72,10036.4825,1381,202,39,36,180
NSW,202501,NSW202501.csv,2025/01/01 00:05:00,2025/02/01 00:00:00,8928,0,5,5.0,8928,8928,100.0,100.0,0,0,0,False,ok,83.336365,-999.99,17500.0,-32.7065,36.095,76.0,101.6925,139.91,165.95,284.96,7230.108581,4188.12,12128.62,9566.153,1411,40,15,5,25
NSW,202502,NSW202502.csv,2025/02/01 00:05:00,2025/03/01 00:00:00,8064,0,5,5.0,8064,8064,100.0,100.0,0,0,0,False,ok,90.331018,-523.44,17500.0,-31.542,48.9625,82.565,108.89,153.828,192.876,299.99,7493.394673,2532.25,12210.48,10094.588,1167,62,23,12,60
NSW,202503,NSW202503.csv,2025/03/01 00:05:00,2025/04/01 00:00:00,8928,0,5,5.0,8928,8928,100.0,100.0,0,0,0,False,ok,89.959863,-999.99,17480.0,-22.076,55.72,76.8,104.835,142.035,167.8255,261.0934,7584.377753,4537.33,12246.45,9498.722,876,38,14,10,50
NSW,202504,NSW202504.csv,2025/04/01 00:05:00,2025/05/01 00:00:00,8640,0,5,5.0,8640,8640,100.0,100.0,0,0,0,False,ok,104.0651,-39.3,17498.96,-23.5,54.5775,93.27,132.4,165.715,211.5325,299.99,6783.956983,3490.99,9602.15,8517.7485,1028,65,21,14,70
NSW,202505,NSW202505.csv,2025/05/01 00:05:00,2025/06/01 00:00:00,8928,0,5,5.0,8928,8928,100.0,100.0,0,0,0,False,ok,123.016328,-30.92,17479.99,-17.0,60.0175,85.155,132.5825,171.199,210.5,299.99,7620.849047,4542.08,10829.12,9537.0805,669,89,26,16,80
NSW,202506,NSW202506.csv,2025/06/01 00:05:00,2025/07/01 00:00:00,8640,0,5,5.0,8640,8640,100.0,100.0,0,0,0,False,ok,256.203668,-35.97,17026.18,22.4095,74.3475,108.89,179.9,281.783,299.99,4106.9555,8817.561652,5389.37,12342.5,11444.908,260,389,38,66,330
NSW,202507,NSW202507.csv,2025/07/01 00:05:00,2025/08/01 00:00:00,8928,0,5,5.0,8928,8928,100.0,100.0,0,0,0,False,ok,96.946847,-28.83,658.17,-0.0965,57.01,84.06,125.2725,185.01,236.1495,299.99,8844.155538,5327.93,13159.46,11403.7715,540,67,24,17,85
NSW,202508,NSW202508.csv,2025/08/01 00:05:00,2025/09/01 00:00:00,8928,0,5,5.0,8928,8928,100.0,100.0,0,0,0,False,ok,101.249963,-35.74,1118.93,-12.0,56.98,85.37,134.7625,191.696,251.206,407.0397,8339.031237,3871.04,12729.23,10863.546,920,153,23,58,290
NSW,202509,NSW202509.csv,2025/09/01 00:05:00,2025/10/01 00:00:00,8640,0,5,5.0,8640,8640,100.0,100.0,0,0,0,False,ok,71.244139,-86.35,599.99,-21.023,-3.0,71.92,109.965,158.99,198.0005,299.9961,6866.186252,3102.14,10253.92,9068.7565,2347,87,19,60,300
NSW,202510,NSW202510.csv,2025/10/01 00:05:00,2025/11/01 00:00:00,8928,0,5,5.0,8928,8928,100.0,100.0,0,0,0,False,ok,77.019782,-698.95,20300.0,-22.459,0.0,72.045,120.01,169.15,202.4275,287.5403,6637.260775,2907.04,11139.64,8635.094,2275,43,27,6,30
NSW,202511,NSW202511.csv,2025/11/01 00:05:00,2025/12/01 00:00:00,8640,0,5,5.0,8640,8640,100.0,100.0,0,0,0,False,ok,76.929905,-999.99,20300.0,-20.89,-6.9525,64.73,106.565,142.84,159.7705,268.3171,6709.592839,3250.07,10769.82,8855.438,2712,50,29,12,60
NSW,202512,NSW202512.csv,2025/12/01 00:05:00,2026/01/01 00:00:00,8928,0,5,5.0,8928,8928,100.0,100.0,0,0,0,False,ok,71.359513,-999.99,14001.01,-14.0,0.6675,58.31,90.845,124.982,148.4985,245.0547,7007.439125,2708.64,13063.18,10287.198,2087,62,20,14,70
NSW,202601,NSW202601.csv,2026/01/01 00:05:00,2026/02/01 00:00:00,8928,0,5,5.0,8928,8928,100.0,100.0,0,0,0,False,ok,67.221123,-999.98,11938.05,-5.51,32.35,57.06,74.4925,100.442,110.1305,193.0025,7393.698602,4015.44,13146.79,10591.282,886,43,2,33,165
NSW,202602,NSW202602.csv,2026/02/01 00:05:00,2026/03/01 00:00:00,8064,0,5,5.0,8064,8064,100.0,100.0,0,0,0,False,ok,83.758824,-82.96,20300.0,0.05,49.4425,65.39,86.6025,110.587,140.887,250.7139,7872.42659,4573.78,12969.33,10376.9915,354,53,20,17,85
NSW,202603,NSW202603.csv,2026/03/01 00:05:00,2026/03/18 00:00:00,4896,0,5,5.0,8928,4896,54.83871,100.0,0,0,0,True,incomplete-month;partial-month,69.056761,-12.99,181.02,-3.0,56.98,70.635,89.3225,105.79,123.4,144.373,7651.352637,3526.01,11545.02,9781.745,317,0,0,0,0
QLD,202101,QLD202101.csv,2021/01/01 00:30:00,2021/02/01 00:00:00,1488,0,30,30.0,1488,1488,100.0,100.0,0,0,0,False,ok,40.35459,0.58,2387.21,25.364,31.2675,35.045,39.125,46.761,57.8765,138.2799,6436.79793,4939.71,9086.4,8020.122,0,4,4,1,30
QLD,202102,QLD202102.csv,2021/02/01 00:30:00,2021/03/01 00:00:00,1344,0,30,30.0,1344,1344,100.0,100.0,0,0,0,False,ok,41.685387,9.99,2360.18,26.343,32.05,35.265,38.935,46.772,55.4025,126.3126,6685.822641,5270.36,9442.58,8246.727,0,4,4,1,30
QLD,202103,QLD202103.csv,2021/03/01 00:30:00,2021/04/01 00:00:00,1488,0,30,30.0,1488,1488,100.0,100.0,0,0,0,False,ok,45.808582,-151.97,2515.68,16.669,30.2075,36.26,43.4275,56.653,68.3865,167.2827,6472.665269,4345.54,9015.18,7864.5255,13,10,10,1,30
QLD,202104,QLD202104.csv,2021/04/01 00:30:00,2021/05/01 00:00:00,1440,0,30,30.0,1440,1440,100.0,100.0,0,0,0,False,ok,53.464833,-179.81,2506.8,-3.313,26.4325,35.355,48.72,72.102,132.4285,257.1974,5944.966521,4210.44,7666.42,7253.3745,100,10,9,2,60
QLD,202105,QLD202105.csv,2021/05/01 00:30:00,2021/06/01 00:00:00,1488,0,30,30.0,1488,1488,100.0,100.0,0,0,0,False,ok,129.253663,-159.46,15000.0,-12.4235,31.1175,41.45,63.8525,137.497,226.701,2429.0201,5838.151015,3785.14,7556.4,7152.595,105,44,26,8,240
QLD,202106,QLD202106.csv,2021/06/01 00:30:00,2021/07/01 00:00:00,1440,0,30,30.0,1440,1440,100.0,100.0,0,0,0,False,ok,200.718562,-141.5,7932.5,15.026,48.7725,73.685,116.925,223.396,854.5695,2387.263,6031.105069,4129.91,7871.34,7402.298,38,92,45,10,300
QLD,202107,QLD202107.csv,2021/07/01 00:30:00,2021/08/01 00:00:00,1488,0,30,30.0,1488,1488,100.0,100.0,0,0,0,False,ok,135.07832,-114.39,6563.89,3.0,43.4225,69.55,130.955,230.406,282.7005,2059.0586,6075.225101,3759.09,8179.43,7589.6685,62,52,28,6,180
QLD,202108,QLD202108.csv,2021/08/01 00:30:00,2021/09/01 00:00:00,1488,0,30,30.0,1488,1488,100.0,100.0,0,0,0,False,ok,53.54744,-185.36,359.35,-14.431,30.745,49.11,71.0675,98.249,119.456,271.6045,5750.550242,3945.84,7782.24,7265.6935,112,7,6,2,60
QLD,202109,QLD202109.csv,2021/09/01 00:30:00,2021/10/01 00:00:00,1440,0,30,30.0,1440,1440,100.0,100.0,0,0,0,False,ok,51.217375,-179.59,2576.87,-36.5925,20.0225,51.88,65.495,95.727,138.8185,224.3321,5668.813542,3854.56,7591.2,7134.521,253,6,6,1,30
QLD,202110,QLD202110.csv,2021/10/01 00:05:00,2021/11/01 00:00:00,8928,0,5,5.0,8928,8928,100.0,100.0,0,0,0,False,ok,66.478889,-1000.0,15100.0,-39.01,37.9475,60.8,77.7775,109.88,199.73,300.1273,5877.890218,3672.48,8217.65,7415.799,1457,180,90,19,95
QLD,202111,QLD202111.csv,2021/11/01 00:05:00,2021/12/01 00:00:00,8640,0,5,5.0,8640,8640,100.0,100.0,0,0,0,False,ok,96.551918,-1000.0,15100.0,-36.039,49.865,64.94,82.25,149.99,200.0,450.01,6133.557412,3848.63,8200.57,7566.169,742,208,68,37,185
QLD,202112,QLD202112.csv,2021/12/01 00:05:00,2022/01/01 00:00:00,8928,0,5,5.0,8928,8928,100.0,100.0,0,0,0,False,ok,128.614381,-42.01,13000.0,11.84,59.78,70.1,91.21,130.15,200.0,460.2,6304.37762,4551.87,9146.16,8005.765,277,205,50,35,175
QLD,202201,QLD202201.csv,2022/01/01 00:05:00,2022/02/01 00:00:00,8928,0,5,5.0,8928,8928,100.0,100.0,0,0,0,False,ok,139.899222,-36.59,15100.0,46.234,75.845,93.125,118.73,197.59,230.0,300.1,6600.257779,4683.27,9314.6,8249.673,29,246,83,33,165
QLD,202202,QLD202202.csv,2022/02/01 00:05:00,2022/03/01 00:00:00,8064,0,5,5.0,8064,8064,100.0,100.0,0,0,0,False,ok,162.717752,-41.63,15100.0,35.2,70.8675,90.73,109.73,131.15,197.56,349.99,6493.592535,4478.84,9924.43,8224.698,190,204,55,25,125
QLD,202203,QLD202203.csv,2022/03/01 00:05:00,2022/04/01 00:00:00,8928,0,5,5.0,8928,8928,100.0,100.0,0,0,0,False,ok,147.201727,-80.0,15100.0,35.1,71.0425,93.21,118.49,197.29,213.89,321.0002,6584.784227,4625.93,10118.85,8310.148,124,225,69,45,225
QLD,202204,QLD202204.csv,2022/04/01 00:05:00,2022/05/01 00:00:00,8640,0,5,5.0,8640,8640,100.0,100.0,0,0,0,False,ok,219.764317,-1000.0,13200.0,56.1,119.1,174.925,280.73,314.923,330.1255,1000.0,5931.325931,3967.02,7927.78,7366.9055,51,1728,299,56,280
QLD,202205,QLD202205.csv,2022/05/01 00:05:00,2022/06/01 00:00:00,8928,0,5,5.0,8928,8928,100.0,100.0,0,0,0,False,ok,347.281783,-1000.0,15100.0,118.487,237.7025,294.235,346.035,438.0,540.6,1124.0,6001.446622,3775.66,7703.54,7242.0085,59,4152,450,216,1080
QLD,202206,QLD202206.csv,2022/06/01 00:05:00,2022/07/01 00:00:00,8640,0,5,5.0,8640,8640,100.0,100.0,0,0,0,False,ok,400.231034,-80.0,15100.0,11.84,256.895,300.0,429.9025,545.373,626.095,1265.5679,5980.741852,3771.5,8396.0,7536.9105,391,4325,196,419,2095
QLD,202207,QLD202207.csv,2022/07/01 00:05:00,2022/08/01 00:00:00,8928,0,5,5.0,8928,8928,100.0,100.0,0,0,0,False,ok,391.588237,-45.0,15500.0,11.84,223.3825,316.185,442.045,581.234,709.7365,1297.74,6099.522818,3698.28,8770.96,7769.2175,365,4828,256,263,1315
QLD,202208,QLD202208.csv,2022/08/01 00:05:00,2022/09/01 00:00:00,8928,0,5,5.0,8928,8928,100.0,100.0,0,0,0,False,ok,133.508162,-119.79,15500.0,-45.0,67.6175,139.46,186.0325,280.0,291.0,399.6671,5751.14195,3365.01,7790.76,7280.6355,1102,312,84,19,95
QLD,202209,QLD202209.csv,2022/09/01 00:05:00,2022/10/01 00:00:00,8640,0,5,5.0,8640,8640,100.0,100.0,0,0,0,False,ok,156.897486,-1000.0,15500.0,-41.63,99.055,156.47,210.9125,280.73,313.3415,440.73,5598.927139,3310.59,7422.91,6994.359,963,606,143,43,215
QLD,202210,QLD202210.csv,2022/10/01 00:05:00,2022/11/01 00:00:00,8928,0,5,5.0,8928,8928,100.0,100.0,0,0,0,False,ok,154.046697,-109.27,15500.0,0.0,113.855,150.53,193.3625,258.358,288.025,347.7965,5742.941307,3625.94,8077.54,7213.047,468,269,90,31,155
QLD,202211,QLD202211.csv,2022/11/01 00:05:00,2022/12/01 00:00:00,8640,0,5,5.0,8640,8640,100.0,100.0,0,0,0,False,ok,121.503962,-79.06,15500.0,-26.2405,74.6275,120.53,147.375,204.417,270.0,349.01,5659.444932,3449.61,8603.9,7370.784,864,278,75,31,155
QLD,202212,QLD202212.csv,2022/12/01 00:05:00,2023/01/01 00:00:00,8928,0,5,5.0,8928,8928,100.0,100.0,0,0,0,False,ok,85.462424,-122.19,1250.0,-41.301,29.62,92.77,128.7425,150.53,188.8115,349.01,5736.494183,3859.83,8873.19,7407.999,1438,110,20,20,100
QLD,202301,QLD202301.csv,2023/01/01 00:05:00,2023/02/01 00:00:00,8928,0,5,5.0,8928,8928,100.0,100.0,0,0,0,False,ok,98.964858,-64.8,15500.0,0.9485,68.455,89.645,118.3725,145.16,182.956,324.4761,6225.333488,4324.15,9357.13,8255.509,433,106,29,26,130
QLD,202302,QLD202302.csv,2023/02/01 00:05:00,2023/03/01 00:00:00,8064,0,5,5.0,8064,8064,100.0,100.0,0,0,0,False,ok,88.789603,-61.08,1297.0,-0.02,55.02,86.725,112.2825,142.557,192.5,349.01,6577.134366,4361.15,9806.35,8396.8335,540,120,48,19,95
QLD,202303,QLD202303.csv,2023/03/01 00:05:00,2023/04/01 00:00:00,8928,0,5,5.0,8928,8928,100.0,100.0,0,0,0,False,ok,123.078619,-355.0,15500.0,-0.02,65.045,87.75,119.53,177.188,243.0605,369.62,6657.897055,4455.84,10099.62,8526.4345,524,239,74,24,120
QLD,202304,QLD202304.csv,2023/04/01 00:05:00,2023/05/01 00:00:00,8640,0,5,5.0,8640,8640,100.0,100.0,0,0,0,False,ok,109.935117,-75.56,14950.01,-38.3055,57.7275,97.915,142.6525,194.01,293.965,370.73,5900.143978,3363.46,8085.76,7442.492,922,334,88,23,115
QLD,202305,QLD202305.csv,2023/05/01 00:05:00,2023/06/01 00:00:00,8928,0,5,5.0,8928,8928,100.0,100.0,0,0,0,False,ok,164.903357,-51.01,14930.01,-21.08,64.75,128.965,188.21,284.973,300.4465,475.0865,5903.437488,3533.31,8150.6,7473.599,846,452,127,19,95
QLD,202306,QLD202306.csv,2023/06/01 00:05:00,2023/07/01 00:00:00,8640,0,5,5.0,8640,8640,100.0,100.0,0,0,0,False,ok,102.621763,-55.01,15500.0,-10.445,58.21,86.75,111.96,150.731,222.0885,347.6164,5997.448051,4013.49,8169.81,7562.078,602,114,44,19,95
QLD,202307,QLD202307.csv,2023/07/01 00:05:00,2023/08/01 00:00:00,8928,0,5,5.0,8928,8928,100.0,100.0,0,0,0,False,ok,77.269899,-55.0,1167.37,-40.0,40.88,69.545,103.1,147.599,196.829,305.4446,6015.096819,3797.6,8268.81,7564.1335,1185,119,39,15,75
QLD,202308,QLD202308.csv,2023/08/01 00:05:00,2023/09/01 00:00:00,8928,0,5,5.0,8928,8928,100.0,100.0,0,0,0,False,ok,67.631695,-65.0,10150.56,-45.06,0.0,62.47,99.53,145.2,197.9215,309.6745,5664.342325,3250.06,7884.85,7270.8295,2249,130,39,15,75
QLD,202309,QLD202309.csv,2023/09/01 00:05:00,2023/10/01 00:00:00,8640,0,5,5.0,8640,8640,100.0,100.0,0,0,0,False,ok,50.772765,-85.2,15004.02,-47.74,-20.31,58.055,77.95,114.469,153.991,273.7225,5498.163734,3200.6,7731.05,7194.078,2659,25,14,6,30
QLD,202310,QLD202310.csv,2023/10/01 00:05:00,2023/11/01 00:00:00,8928,0,5,5.0,8928,8928,100.0,100.0,0,0,0,False,ok,37.05175,-70.54,14928.01,-47.74,-20.8,53.72,62.1225,89.53,118.5045,262.0,5594.339692,3016.91,8358.88,7470.8535,2942,41,23,6,30
QLD,202311,QLD202311.csv,2023/11/01 00:05:00,2023/12/01 00:00:00,8640,0,5,5.0,8640,8640,100.0,100.0,0,0,0,False,ok,72.967911,-48.51,13390.01,-26.8,33.01,61.7,94.305,133.49,193.031,305.7404,6036.078399,3762.47,9163.01,7779.3375,1386,97,58,6,30
QLD,202312,QLD202312.csv,2023/12/01 00:05:00,2024/01/01 00:00:00,8928,0,5,5.0,8928,8928,100.0,100.0,0,0,0,False,ok,92.998612,-57.33,14936.02,-26.8,34.55,64.215,103.1575,154.054,261.55,370.73,6602.169159,4278.25,9772.83,8748.233,1480,240,82,37,185
QLD,202401,QLD202401.csv,2024/01/01 00:05:00,2024/02/01 00:00:00,8928,0,5,5.0,8928,8928,100.0,100.0,0,0,0,False,ok,160.43311,-41.27,16600.0,1.1885,54.75,76.0,100.175,193.322,279.555,726.1273,7075.272543,4670.72,11036.2,9150.419,423,391,87,46,230
QLD,202402,QLD202402.csv,2024/02/01 00:05:00,2024/03/01 00:00:00,8352,0,5,5.0,8352,8352,100.0,100.0,0,0,0,False,ok,119.73324,-45.06,14898.01,0.0,54.725,76.73,100.75,190.72,287.4015,441.7291,7021.816019,4715.6,10288.41,9130.652,420,359,86,33,165
QLD,202403,QLD202403.csv,2024/03/01 00:05:00,2024/04/01 00:00:00,8928,0,5,5.0,8928,8928,100.0,100.0,0,0,0,False,ok,74.092475,-45.01,393.92,-13.232,48.75,63.28,93.02,128.322,151.4415,285.75,6525.846808,4386.28,9128.98,8283.5605,683,47,25,5,25
QLD,202404,QLD202404.csv,2024/04/01 00:05:00,2024/05/01 00:00:00,8640,0,5,5.0,8640,8640,100.0,100.0,0,0,0,False,ok,84.809993,-50.35,524.99,-25.4,48.22,85.55,112.165,151.958,241.428,286.9548,6091.538273,3771.81,8715.94,7728.9655,1012,36,16,12,60
QLD,202405,QLD202405.csv,2024/05/01 00:05:00,2024/06/01 00:00:00,8928,0,5,5.0,8928,8928,100.0,100.0,0,0,0,False,ok,92.689895,-90.02,449.0,-44.523,38.75,85.85,138.98,220.243,261.55,288.0997,5975.042463,3491.83,8057.88,7475.24,1438,48,16,10,50
QLD,202406,QLD202406.csv,2024/06/01 00:05:00,2024/07/01 00:00:00,8640,0,5,5.0,8640,8640,100.0,100.0,0,0,0,False,ok,124.667442,-47.74,760.26,-35.1,50.5675,100.9,196.94,280.483,301.0,391.3471,6094.445219,3708.21,8567.6,7778.2205,1217,443,81,48,240
QLD,202407,QLD202407.csv,2024/07/01 00:05:00,2024/08/01 00:00:00,8928,0,5,5.0,8928,8928,100.0,100.0,0,0,0,False,ok,119.06017,-50.42,17500.0,-35.01,53.4375,93.83,151.945,250.462,287.6345,337.73,6108.990511,3334.15,8879.24,7876.6565,1047,272,55,23,115
QLD,202408,QLD202408.csv,2024/08/01 00:05:00,2024/09/01 00:00:00,8928,0,5,5.0,8928,8928,100.0,100.0,0,0,0,False,ok,130.10336,-351.64,15535.83,-45.01,44.94,99.22,150.8425,237.401,282.683,337.73,5832.148898,2975.31,8108.45,7532.998,1646,183,51,44,220
QLD,202409,QLD202409.csv,2024/09/01 00:05:00,2024/10/01 00:00:00,8640,0,5,5.0,8640,8640,100.0,100.0,0,0,0,False,ok,49.66439,-801.06,17500.0,-46.74,-35.01,59.545,93.755,115.63,135.542,205.06,5514.659403,3104.19,8043.15,7297.413,2796,10,8,2,10
QLD,202410,QLD202410.csv,2024/10/01 00:05:00,2024/11/01 00:00:00,8928,0,5,5.0,8928,8928,100.0,100.0,0,0,0,False,ok,70.849228,-63.44,10004.13,-43.07,-30.11,77.945,112.95,177.7,228.75,299.83,5623.786137,2991.09,8226.5,7505.3455,2830,88,41,10,50
QLD,202411,QLD202411.csv,2024/11/01 00:05:00,2024/12/01 00:00:00,8640,0,5,5.0,8640,8640,100.0,100.0,0,0,0,False,ok,177.48212,-125.22,16893.6,-35.1,55.95,110.83,158.9775,238.138,288.845,527.09,6210.053288,3500.44,9189.12,8208.822,1352,344,109,42,210
QLD,202412,QLD202412.csv,2024/12/01 00:05:00,2025/01/01 00:00:00,8928,0,5,5.0,8928,8928,100.0,100.0,0,0,0,False,ok,134.44419,-340.65,16220.18,-33.965,55.75,101.295,172.9575,246.81,284.95,378.4703,6593.760701,3547.42,9865.36,8593.917,1347,236,65,35,175
QLD,202501,QLD202501.csv,2025/01/01 00:05:00,2025/02/01 00:00:00,8928,0,5,5.0,8928,8928,100.0,100.0,0,0,0,False,ok,114.011799,-41.01,17304.0,-32.95,38.9125,86.63,112.75,161.153,217.7695,317.769,6716.714975,4351.41,11159.32,9109.4545,1771,99,42,25,125
QLD,202502,QLD202502.csv,2025/02/01 00:05:00,2025/03/01 00:00:00,8064,0,5,5.0,8064,8064,100.0,100.0,0,0,0,False,ok,74.909563,-42.64,634.58,-30.36,41.5175,84.88,107.66,143.53,164.5,284.95,6656.723762,4288.3,9384.15,8618.4105,1575,42,20,9,45
QLD,202503,QLD202503.csv,2025/03/01 00:05:00,2025/04/01 00:00:00,8928,0,5,5.0,8928,8928,100.0,100.0,0,0,0,False,ok,79.014014,-38.0,12554.6,-26.04,54.76,79.095,105.8125,141.901,165.9365,258.21,6648.470791,4556.83,8965.03,8261.3475,1256,26,15,4,20
QLD,202504,QLD202504.csv,2025/04/01 00:05:00,2025/05/01 00:00:00,8640,0,5,5.0,8640,8640,100.0,100.0,0,0,0,False,ok,98.496078,-34.26,15335.23,-23.0,45.8825,93.83,132.83,163.55,200.0,290.31,6044.293492,3549.95,8465.93,7709.529,1459,57,21,11,55
QLD,202505,QLD202505.csv,2025/05/01 00:05:00,2025/06/01 00:00:00,8928,0,5,5.0,8928,8928,100.0,100.0,0,0,0,False,ok,95.628556,-33.1,9998.73,-18.28,57.3475,84.45,128.365,162.95,200.0,285.3806,5937.830909,3513.86,8049.52,7490.392,814,67,30,11,55
QLD,202506,QLD202506.csv,2025/06/01 00:05:00,2025/07/01 00:00:00,8640,0,5,5.0,8640,8640,100.0,100.0,0,0,0,False,ok,169.340102,-33.1,16567.63,-19.51,55.4725,96.83,154.69,229.362,279.0,994.51,6266.460877,3456.42,8746.47,8018.123,1036,290,46,55,275
QLD,202507,QLD202507.csv,2025/07/01 00:05:00,2025/08/01 00:00:00,8928,0,5,5.0,8928,8928,100.0,100.0,0,0,0,False,ok,82.134442,-1000.0,380.58,-18.5,44.94,77.565,117.09,163.416,210.1585,278.21,6141.132929,3517.5,8531.05,7903.0085,1647,42,14,11,55
QLD,202508,QLD202508.csv,2025/08/01 00:05:00,2025/09/01 00:00:00,8928,0,5,5.0,8928,8928,100.0,100.0,0,0,0,False,ok,78.204228,-69.0,915.24,-33.89,0.0,82.31,124.0425,161.455,206.0665,277.0,5883.966505,2656.48,8378.89,7652.52,2255,38,10,10,50
QLD,202509,QLD202509.csv,2025/09/01 00:05:00,2025/10/01 00:00:00,8640,0,5,5.0,8640,8640,100.0,100.0,0,0,0,False,ok,54.349285,-1000.0,528.73,-31.15,-12.51,66.07,95.75,126.76,152.5405,265.6505,5557.117248,2936.7,7962.51,7307.9045,2961,28,13,12,60
QLD,202510,QLD202510.csv,2025/10/01 00:05:00,2025/11/01 00:00:00,8928,0,5,5.0,8928,8928,100.0,100.0,0,0,0,False,ok,55.662019,-48.05,1000.0,-31.15,-10.01,64.62,92.275,124.576,147.73,234.569,6018.242872,2875.42,10167.64,7998.7055,2859,8,7,2,10
QLD,202511,QLD202511.csv,2025/11/01 00:05:00,2025/12/01 00:00:00,8640,0,5,5.0,8640,8640,100.0,100.0,0,0,0,False,ok,63.053853,-40.97,989.73,-19.99,-7.75,65.72,98.73,142.366,163.271,266.1202,6458.786653,3623.25,10451.36,8680.445,2693,30,24,3,15
QLD,202512,QLD202512.csv,2025/12/01 00:05:00,2026/01/01 00:00:00,8928,0,5,5.0,8928,8928,100.0,100.0,0,0,0,False,ok,54.375521,-94.02,379.67,-13.4855,0.0,61.73,90.7275,121.19,132.379,177.81,6466.969262,3566.3,10499.44,8755.141,2461,2,2,1,5
QLD,202601,QLD202601.csv,2026/01/01 00:05:00,2026/02/01 00:00:00,8928,0,5,5.0,8928,8928,100.0,100.0,0,0,0,False,ok,64.029655,-33.55,19727.85,-5.73,34.89,62.95,78.83,103.993,122.4,234.54,6694.05367,3997.12,10465.14,8648.733,1065,11,7,3,15
QLD,202602,QLD202602.csv,2026/02/01 00:05:00,2026/03/01 00:00:00,8064,0,5,5.0,8064,8064,100.0,100.0,0,0,0,False,ok,69.866195,-33.15,382.14,-4.0,51.04,66.035,93.75,119.71,144.01,232.0,6734.494644,4195.03,10716.56,8783.292,625,7,7,1,5
QLD,202603,QLD202603.csv,2026/03/01 00:05:00,2026/03/18 00:00:00,4896,0,5,5.0,8928,4896,54.83871,100.0,0,0,0,True,incomplete-month;partial-month,62.817437,-12.86,231.71,-3.785,44.95,64.93,85.83,102.095,111.11,138.72,6540.646072,4400.63,9295.64,8267.5225,471,0,0,0,0
SA,202101,SA202101.csv,2021/01/01 00:30:00,2021/02/01 00:00:00,1488,0,30,30.0,1488,1488,100.0,100.0,0,0,0,False,ok,28.700793,-205.73,5031.04,-50.218,8.2025,32.38,41.935,57.595,62.6175,169.3046,1185.213871,369.76,2649.76,1896.9465,306,6,4,2,60
SA,202102,SA202102.csv,2021/02/01 00:30:00,2021/03/01 00:00:00,1344,0,30,30.0,1344,1344,100.0,100.0,0,0,0,False,ok,22.486525,-520.47,252.2,-50.8875,8.6575,31.41,41.735,61.642,75.0435,168.3406,1198.935238,291.29,2742.16,1889.721,242,0,0,0,0
SA,202103,SA202103.csv,2021/03/01 00:30:00,2021/04/01 00:00:00,1488,0,30,30.0,1488,1488,100.0,100.0,0,0,0,False,ok,68.772702,-628.65,14348.15,-56.168,22.3825,34.14,54.51,67.424,90.0595,280.6114,1130.041378,353.22,1769.51,1482.2845,178,14,2,13,390
SA,202104,SA202104.csv,2021/04/01 00:30:00,2021/05/01 00:00:00,1440,0,30,30.0,1440,1440,100.0,100.0,0,0,0,False,ok,52.136076,-158.28,371.01,-19.691,27.535,45.625,64.4825,108.068,166.614,266.6932,1163.970326,479.9,1795.81,1586.998,143,2,2,1,30
SA,202105,SA202105.csv,2021/05/01 00:30:00,2021/06/01 00:00:00,1488,0,30,30.0,1488,1488,100.0,100.0,0,0,0,False,ok,72.992177,-170.08,7038.75,-18.5,27.8275,51.32,63.91,101.66,159.936,296.3813,1298.320558,521.21,2122.8,1778.3905,125,14,6,4,120
SA,202106,SA202106.csv,2021/06/01 00:30:00,2021/07/01 00:00:00,1440,0,30,30.0,1440,1440,100.0,100.0,0,0,0,False,ok,84.388611,-183.33,2348.71,-6.5325,48.5025,81.73,108.08,146.428,188.5815,267.1607,1432.886882,668.47,2241.37,1956.705,87,5,4,2,60
SA,202107,SA202107.csv,2021/07/01 00:30:00,2021/08/01 00:00:00,1488,0,30,30.0,1488,1488,100.0,100.0,0,0,0,False,ok,91.187305,-269.95,2102.13,-33.059,26.7075,78.92,136.35,228.87,271.006,339.4096,1463.583918,669.47,2483.73,2041.083,213,39,16,7,210
SA,202108,SA202108.csv,2021/08/01 00:30:00,2021/09/01 00:00:00,1488,0,30,30.0,1488,1488,100.0,100.0,0,0,0,False,ok,43.439819,-297.81,336.6,-42.6825,4.325,50.99,80.6075,99.079,124.277,264.4395,1320.714644,371.49,2227.62,1908.5165,336,4,3,2,60
SA,202109,SA202109.csv,2021/09/01 00:30:00,2021/10/01 00:00:00,1440,0,30,30.0,1440,1440,100.0,100.0,0,0,0,False,ok,18.769764,-432.77,298.5,-89.438,-21.6225,26.87,59.9125,82.703,105.281,186.1385,1154.904799,198.86,1971.82,1655.2845,535,0,0,0,0
SA,202110,SA202110.csv,2021/10/01 00:05:00,2021/11/01 00:00:00,8928,0,5,5.0,8928,8928,100.0,100.0,0,0,0,False,ok,14.542233,-1000.0,15100.0,-90.0,-30.7125,9.03,52.4,79.622,93.1045,200.6969,1002.019043,117.27,1673.34,1418.151,3541,17,14,2,10
SA,202111,SA202111.csv,2021/11/01 00:05:00,2021/12/01 00:00:00,8640,0,5,5.0,8640,8640,100.0,100.0,0,0,0,False,ok,37.690289,-1000.0,15100.0,-45.026,7.435,42.805,66.66,106.96,123.706,203.7708,1013.887571,-46.35,1984.41,1438.444,1795,20,13,4,20
SA,202112,SA202112.csv,2021/12/01 00:05:00,2022/01/01 00:00:00,8928,0,5,5.0,8928,8928,100.0,100.0,0,0,0,False,ok,70.317095,-1000.0,15100.0,-42.5,0.02,37.715,72.01,116.44,151.293,379.6935,1065.045073,89.02,2429.54,1651.871,2196,144,47,24,120
SA,202201,SA202201.csv,2022/01/01 00:05:00,2022/02/01 00:00:00,8928,0,5,5.0,8928,8928,100.0,100.0,0,0,0,False,ok,88.940174,-1000.0,15100.0,-43.02,18.35,63.685,92.075,148.99,245.44,349.0,1312.3653,233.77,2572.04,2040.272,1314,177,67,34,170
SA,202202,SA202202.csv,2022/02/01 00:05:00,2022/03/01 00:00:00,8064,0,5,5.0,8064,8064,100.0,100.0,0,0,0,False,ok,54.216197,-1000.0,4031.78,-43.02,17.8175,65.21,90.145,113.394,129.81,181.7858,1275.660394,179.67,2355.84,1773.743,1394,14,12,2,10
SA,202203,SA202203.csv,2022/03/01 00:05:00,2022/04/01 00:00:00,8928,0,5,5.0,8928,8928,100.0,100.0,0,0,0,False,ok,66.998514,-1000.0,15100.0,-45.0,9.9775,75.165,103.345,125.286,146.44,299.99,1261.331881,276.62,2358.58,1740.783,1537,80,39,12,60
SA,202204,SA202204.csv,2022/04/01 00:05:00,2022/05/01 00:00:00,8640,0,5,5.0,8640,8640,100.0,100.0,0,0,0,False,ok,152.359659,-953.44,15011.88,-44.913,86.5,148.99,229.315,281.42,308.911,368.4,1223.384788,310.46,1755.26,1600.16,1003,555,152,31,155
SA,202205,SA202205.csv,2022/05/01 00:05:00,2022/06/01 00:00:00,8928,0,5,5.0,8928,8928,100.0,100.0,0,0,0,False,ok,312.30463,-1000.0,15100.0,-42.5,182.9125,266.455,336.8,379.95,399.4575,998.77,1381.752882,519.52,2363.33,1853.6965,837,3203,281,517,2585
SA,202206,SA202206.csv,2022/06/01 00:05:00,2022/07/01 00:00:00,8640,0,5,5.0,8640,8640,100.0,100.0,0,0,0,False,ok,302.591414,-615.28,15100.0,-38.49,202.665,298.715,361.09,463.107,564.644,991.61,1581.969219,652.78,2388.35,2110.1365,731,4255,285,529,2645
SA,202207,SA202207.csv,2022/07/01 00:05:00,2022/08/01 00:00:00,8928,0,5,5.0,8928,8928,100.0,100.0,0,0,0,False,ok,372.486103,-1000.0,14091.15,-45.0,222.94,369.755,472.7725,592.611,682.8925,1003.94,1622.722761,508.83,2467.42,2177.725,1143,5793,167,1148,5740
SA,202208,SA202208.csv,2022/08/01 00:05:00,2022/09/01 00:00:00,8928,0,5,5.0,8928,8928,100.0,100.0,0,0,0,False,ok,173.038881,-1000.0,15500.0,-48.6845,16.2,128.805,191.3125,299.36,369.9985,703.0458,1532.564337,327.0,2514.26,2113.525,1664,885,148,102,510
SA,202209,SA202209.csv,2022/09/01 00:05:00,2022/10/01 00:00:00,8640,0,5,5.0,8640,8640,100.0,100.0,0,0,0,False,ok,147.835324,-1000.0,15500.0,-71.0,12.535,137.8,194.3325,245.558,300.89,464.1,1356.558347,161.15,2194.06,1894.997,1861,465,100,42,210
SA,202210,SA202210.csv,2022/10/01 00:05:00,2022/11/01 00:00:00,8928,0,5,5.0,8928,8928,100.0,100.0,0,0,0,False,ok,93.494821,-1000.0,12922.49,-71.4,0.02,120.835,179.44,235.813,251.578,307.9852,1137.592491,61.09,1911.88,1542.0275,2214,118,55,11,55
SA,202211,SA202211.csv,2022/11/01 00:05:00,2022/12/01 00:00:00,8640,0,5,5.0,8640,8640,100.0,100.0,0,0,0,False,ok,62.513681,-1000.0,15500.0,-97.0,-48.195,39.15,129.875,202.691,234.44,379.95,1133.18986,66.19,2047.16,1566.7945,3394,180,71,15,75
SA,202212,SA202212.csv,2022/12/01 00:05:00,2023/01/01 00:00:00,8928,0,5,5.0,8928,8928,100.0,100.0,0,0,0,False,ok,35.430052,-1000.0,12523.61,-71.0,-42.49,23.08,96.005,135.196,162.9995,226.8533,1135.004491,119.6,2834.54,1647.404,3210,36,23,6,30
SA,202301,SA202301.csv,2023/01/01 00:05:00,2023/02/01 00:00:00,8928,0,5,5.0,8928,8928,100.0,100.0,0,0,0,False,ok,57.201041,-997.7,12523.42,-57.51,-21.55,69.29,112.44,148.01,172.44,379.95,1250.276266,210.09,2525.5,1921.474,2570,177,47,41,205
SA,202302,SA202302.csv,2023/02/01 00:05:00,2023/03/01 00:00:00,8064,0,5,5.0,8064,8064,100.0,100.0,0,0,0,False,ok,97.05033,-489.25,15500.0,-55.0,-10.8075,80.255,117.845,149.44,186.1485,519.0,1302.103687,87.89,3141.66,2181.196,2202,299,54,54,270
SA,202303,SA202303.csv,2023/03/01 00:05:00,2023/04/01 00:00:00,8928,0,5,5.0,8928,8928,100.0,100.0,0,0,0,False,ok,64.918649,-982.42,1004.7,-51.9,0.185,83.25,112.0725,145.089,175.6285,322.4657,1166.760458,147.51,1991.52,1547.413,2177,139,53,19,95
SA,202304,SA202304.csv,2023/04/01 00:05:00,2023/05/01 00:00:00,8640,0,5,5.0,8640,8640,100.0,100.0,0,0,0,False,ok,85.016365,-619.81,9899.5,-50.0,19.0775,87.01,128.525,189.13,276.63,371.7258,1172.773407,137.51,1823.4,1589.9825,1603,302,93,40,200
SA,202305,SA202305.csv,2023/05/01 00:05:00,2023/06/01 00:00:00,8928,0,5,5.0,8928,8928,100.0,100.0,0,0,0,False,ok,198.292088,-115.0,15500.0,-46.8,75.44,165.405,240.6425,325.194,360.55,629.855,1443.073155,403.16,2355.91,1936.2095,856,1352,268,69,345
SA,202306,SA202306.csv,2023/06/01 00:05:00,2023/07/01 00:00:00,8640,0,5,5.0,8640,8640,100.0,100.0,0,0,0,False,ok,85.586438,-983.62,12922.49,-56.5,0.24,60.69,128.835,252.0,300.01,393.8354,1536.539582,603.54,2562.95,2117.7645,1893,498,130,39,195
SA,202307,SA202307.csv,2023/07/01 00:05:00,2023/08/01 00:00:00,8928,0,5,5.0,8928,8928,100.0,100.0,0,0,0,False,ok,72.764269,-972.22,4093.14,-54.25,0.3,60.83,120.44,190.42,276.63,355.069,1539.053415,513.47,2386.76,2083.919,2098,323,88,35,175
SA,202308,SA202308.csv,2023/08/01 00:05:00,2023/09/01 00:00:00,8928,0,5,5.0,8928,8928,100.0,100.0,0,0,0,False,ok,160.256438,-200.0,16600.0,-58.01,8.8775,65.08,145.285,298.41,346.266,1001.2191,1371.114515,349.55,2213.63,1916.0415,1783,667,119,90,450
SA,202309,SA202309.csv,2023/09/01 00:05:00,2023/10/01 00:00:00,8640,0,5,5.0,8640,8640,100.0,100.0,0,0,0,False,ok,41.315243,-999.0,9908.62,-62.845,-35.99,30.51,82.96,170.44,197.023,304.1988,1107.755426,-17.72,2130.35,1641.554,2734,93,47,9,45
SA,202310,SA202310.csv,2023/10/01 00:05:00,2023/11/01 00:00:00,8928,0,5,5.0,8928,8928,100.0,100.0,0,0,0,False,ok,15.118038,-978.35,1822.27,-78.9015,-43.6625,20.41,54.695,75.055,104.8945,187.7561,1081.747133,-37.14,1776.48,1563.425,3211,35,13,12,60
SA,202311,SA202311.csv,2023/11/01 00:05:00,2023/12/01 00:00:00,8640,0,5,5.0,8640,8640,100.0,100.0,0,0,0,False,ok,44.91551,-993.42,16600.0,-62.622,-23.5725,43.755,86.6325,120.511,158.8725,267.4254,1056.100184,11.67,2402.64,1528.6945,2576,47,18,16,80
SA,202312,SA202312.csv,2023/12/01 00:05:00,2024/01/01 00:00:00,8928,0,5,5.0,8928,8928,100.0,100.0,0,0,0,False,ok,38.02852,-968.83,16490.5,-82.844,-37.0025,39.295,76.355,110.062,131.2365,229.5125,1103.157042,-44.56,2005.67,1564.5225,2944,33,17,7,35
SA,202401,SA202401.csv,2024/01/01 00:05:00,2024/02/01 00:00:00,8928,0,5,5.0,8928,8928,100.0,100.0,0,0,0,False,ok,32.74485,-705.83,1000.0,-66.87,-19.265,39.325,72.365,103.63,165.53,296.1423,1203.83636,38.1,2769.94,1838.795,2564,49,29,6,30
SA,202402,SA202402.csv,2024/02/01 00:05:00,2024/03/01 00:00:00,8352,0,5,5.0,8352,8352,100.0,100.0,0,0,0,False,ok,66.073048,-1000.0,16600.0,-60.9205,-32.785,50.22,84.9925,126.194,175.97,318.858,1252.242337,35.86,2559.65,1911.3505,2560,113,31,27,135
SA,202403,SA202403.csv,2024/03/01 00:05:00,2024/04/01 00:00:00,8928,0,5,5.0,8928,8928,100.0,100.0,0,0,0,False,ok,67.129346,-190.0,9899.5,-48.233,19.21,61.515,99.98,130.945,173.44,300.0046,1323.178637,88.4,2828.85,2086.823,1583,90,21,24,120
SA,202404,SA202404.csv,2024/04/01 00:05:00,2024/05/01 00:00:00,8640,0,5,5.0,8640,8640,100.0,100.0,0,0,0,False,ok,92.499888,-110.99,9899.5,-42.9625,23.35,99.98,137.79,175.97,232.41,296.7208,1192.952441,130.23,1922.57,1634.5675,1145,49,29,10,50
SA,202405,SA202405.csv,2024/05/01 00:05:00,2024/06/01 00:00:00,8928,0,5,5.0,8928,8928,100.0,100.0,0,0,0,False,ok,135.705185,-110.99,995.97,-43.21,70.02,140.82,199.995,260.656,292.453,328.7968,1317.777154,364.49,2097.07,1825.3965,876,332,89,45,225
SA,202406,SA202406.csv,2024/06/01 00:05:00,2024/07/01 00:00:00,8640,0,5,5.0,8640,8640,100.0,100.0,0,0,0,False,ok,176.683544,-189.99,16600.0,-18.8015,96.955,174.84,237.14,302.775,351.08,465.5355,1600.699978,524.28,2582.41,2141.8295,604,1027,171,148,740
SA,202407,SA202407.csv,2024/07/01 00:05:00,2024/08/01 00:00:00,8928,0,5,5.0,8928,8928,100.0,100.0,0,0,0,False,ok,241.220588,-190.0,17500.0,-46.77,52.46,138.0,227.9875,276.63,316.727,3936.6,1591.16768,560.46,2547.84,2212.475,1065,575,111,74,370
SA,202408,SA202408.csv,2024/08/01 00:05:00,2024/09/01 00:00:00,8928,0,5,5.0,8928,8928,100.0,100.0,0,0,0,False,ok,149.519169,-563.63,17206.68,-47.276,-30.0,71.61,165.765,251.112,300.0,952.67,1362.954629,120.19,2202.03,1923.018,2919,453,55,78,390
SA,202409,SA202409.csv,2024/09/01 00:05:00,2024/10/01 00:00:00,8640,0,5,5.0,8640,8640,100.0,100.0,0,0,0,False,ok,80.292433,-354.29,17499.98,-55.911,-39.99,2.9,76.0525,138.06,200.0,387.31,1221.081638,77.22,2057.92,1785.0085,3803,115,30,35,175
SA,202410,SA202410.csv,2024/10/01 00:05:00,2024/11/01 00:00:00,8928,0,5,5.0,8928,8928,100.0,100.0,0,0,0,False,ok,35.235053,-999.99,17500.0,-74.866,-42.38,10.875,78.45,138.0,170.44,261.7,1005.11987,-231.82,1796.23,1518.966,3895,20,12,3,15
SA,202411,SA202411.csv,2024/11/01 00:05:00,2024/12/01 00:00:00,8640,0,5,5.0,8640,8640,100.0,100.0,0,0,0,False,ok,60.911603,-989.42,1525.76,-61.835,-28.0,82.11,138.0,165.688,183.931,259.8961,1092.608439,-106.62,2329.75,1614.1065,2812,19,13,2,10
SA,202412,SA202412.csv,2024/12/01 00:05:00,2025/01/01 00:00:00,8928,0,5,5.0,8928,8928,100.0,100.0,0,0,0,False,ok,61.465694,-435.8,17406.0,-60.713,-31.045,58.705,127.1925,170.44,198.734,299.44,1133.666782,-87.4,2702.61,1933.801,3354,84,17,32,160
SA,202501,SA202501.csv,2025/01/01 00:05:00,2025/02/01 00:00:00,8928,0,5,5.0,8928,8928,100.0,100.0,0,0,0,False,ok,48.222312,-368.93,988.92,-76.53,-30.0,59.075,115.155,146.323,170.44,230.0,1252.536262,10.55,2485.14,1938.0085,3077,31,16,6,30
SA,202502,SA202502.csv,2025/02/01 00:05:00,2025/03/01 00:00:00,8064,0,5,5.0,8064,8064,100.0,100.0,0,0,0,False,ok,91.344586,-505.52,17500.0,-99.21,-25.29,62.23,133.49,170.44,215.0925,337.7158,1400.156318,-110.47,3326.91,2192.027,2764,130,36,32,160
SA,202503,SA202503.csv,2025/03/01 00:05:00,2025/04/01 00:00:00,8928,0,5,5.0,8928,8928,100.0,100.0,0,0,0,False,ok,61.788331,-853.23,560.98,-43.21,-0.01,72.14,124.2525,156.168,171.49,270.0,1344.7493,32.99,2835.64,2041.588,2353,24,18,3,15
SA,202504,SA202504.csv,2025/04/01 00:05:00,2025/05/01 00:00:00,8640,0,5,5.0,8640,8640,100.0,100.0,0,0,0,False,ok,88.822514,-269.23,1000.0,-25.2705,10.3825,100.01,138.04,171.102,228.5345,286.89,1260.522383,177.39,2176.92,1731.6545,1631,45,21,7,35
SA,202505,SA202505.csv,2025/05/01 00:05:00,2025/06/01 00:00:00,8928,0,5,5.0,8928,8928,100.0,100.0,0,0,0,False,ok,83.31053,-161.07,937.37,-22.7795,9.1,84.845,140.835,173.426,208.3925,290.2213,1365.511371,205.63,2271.48,1937.3795,1893,59,26,14,70
SA,202506,SA202506.csv,2025/06/01 00:05:00,2025/07/01 00:00:00,8640,0,5,5.0,8640,8640,100.0,100.0,0,0,0,False,ok,250.404796,-278.81,16983.46,-21.0,51.3075,138.0,193.9825,282.418,318.548,3923.9441,1627.852133,515.21,2569.59,2175.628,1301,623,116,82,410
SA,202507,SA202507.csv,2025/07/01 00:05:00,2025/08/01 00:00:00,8928,0,5,5.0,8928,8928,100.0,100.0,0,0,0,False,ok,164.952836,-660.74,15103.84,-20.1,0.0,89.955,170.44,276.63,330.0,1005.521,1659.02042,519.68,2637.57,2282.8165,2260,586,85,181,905
SA,202508,SA202508.csv,2025/08/01 00:05:00,2025/09/01 00:00:00,8928,0,5,5.0,8928,8928,100.0,100.0,0,0,0,False,ok,86.862345,-221.44,14500.0,-20.0,0.0,79.825,138.04,189.752,230.329,330.0,1471.759845,249.14,2482.39,2079.4365,2233,118,28,39,195
SA,202509,SA202509.csv,2025/09/01 00:05:00,2025/10/01 00:00:00,8640,0,5,5.0,8640,8640,100.0,100.0,0,0,0,False,ok,57.603762,-575.69,1001.0,-21.471,-11.01,38.69,106.2325,169.711,211.907,329.4573,1249.34035,-76.45,2068.15,1836.788,3332,107,28,69,345
SA,202510,SA202510.csv,2025/10/01 00:05:00,2025/11/01 00:00:00,8928,0,5,5.0,8928,8928,100.0,100.0,0,0,0,False,ok,50.168912,-306.07,1000.0,-42.865,-11.66,25.515,114.53,164.666,190.502,253.2851,1097.554922,-185.49,1966.56,1568.2845,4074,37,23,4,20
SA,202511,SA202511.csv,2025/11/01 00:05:00,2025/12/01 00:00:00,8640,0,5,5.0,8640,8640,100.0,100.0,0,0,0,False,ok,32.48162,-303.52,1000.0,-41.97,-11.11,0.0,85.56,127.047,148.22,215.04,1096.814164,-106.18,1775.63,1545.9605,4376,15,7,6,30
SA,202512,SA202512.csv,2025/12/01 00:05:00,2026/01/01 00:00:00,8928,0,5,5.0,8928,8928,100.0,100.0,0,0,0,False,ok,27.92223,-906.68,20299.99,-118.0965,-11.66,0.52,80.7775,138.0,159.8755,240.3922,1113.854178,-311.1,2862.06,1755.8785,4375,48,22,11,55
SA,202601,SA202601.csv,2026/01/01 00:05:00,2026/02/01 00:00:00,8928,0,5,5.0,8928,8928,100.0,100.0,0,0,0,False,ok,152.251626,-325.0,20300.0,-59.0,-7.0,29.055,78.8875,138.679,262.0,980.89,1405.975731,-169.33,3140.33,2427.915,3048,317,61,57,285
SA,202602,SA202602.csv,2026/02/01 00:05:00,2026/03/01 00:00:00,8064,0,5,5.0,8064,8064,100.0,100.0,0,0,0,False,ok,56.002858,-318.41,20300.0,-35.683,-4.0,47.6,92.855,138.04,170.44,286.89,1364.774518,-10.1,2809.5,2001.801,2335,53,30,8,40
SA,202603,SA202603.csv,2026/03/01 00:05:00,2026/03/18 00:00:00,4896,0,5,5.0,8928,4896,54.83871,100.0,0,0,0,True,incomplete-month;partial-month,40.217185,-878.35,980.89,-69.7375,-4.14,40.285,93.4625,129.99,139.1875,220.802,1107.660304,-224.6,1887.68,1594.245,1707,9,9,1,5
TAS,202101,TAS202101.csv,2021/01/01 00:30:00,2021/02/01 00:00:00,1488,0,30,30.0,1488,1488,100.0,100.0,0,0,0,False,ok,37.808831,-59.2,2537.34,15.5035,32.4975,35.37,38.65,44.93,52.0745,88.5655,1034.18834,830.9,1267.9,1171.8865,21,3,3,1,30
TAS,202102,TAS202102.csv,2021/02/01 00:30:00,2021/03/01 00:00:00,1344,0,30,30.0,1344,1344,100.0,100.0,0,0,0,False,ok,31.98625,-39.81,2945.45,6.518,26.5875,30.725,33.3625,37.589,42.53,69.3453,1010.531101,810.68,1262.72,1146.916,30,2,1,2,60
TAS,202103,TAS202103.csv,2021/03/01 00:30:00,2021/04/01 00:00:00,1488,0,30,30.0,1488,1488,100.0,100.0,0,0,0,False,ok,30.780094,-18.13,470.42,11.65,25.1775,28.02,33.2775,44.855,51.936,64.503,1028.057863,800.6,1315.57,1185.5655,10,2,2,1,30
TAS,202104,TAS202104.csv,2021/04/01 00:30:00,2021/05/01 00:00:00,1440,0,30,30.0,1440,1440,100.0,100.0,0,0,0,False,ok,25.337715,-69.49,273.29,-2.401,11.34,25.36,34.5225,48.702,55.38,112.7276,1114.471736,872.97,1488.79,1317.203,179,0,0,0,0
TAS,202105,TAS202105.csv,2021/05/01 00:30:00,2021/06/01 00:00:00,1488,0,30,30.0,1488,1488,100.0,100.0,0,0,0,False,ok,41.246841,-69.47,2165.37,-0.591,25.3375,35.05,49.11,57.366,80.084,150.806,1210.138031,913.96,1671.55,1453.087,77,4,3,2,60
TAS,202106,TAS202106.csv,2021/06/01 00:30:00,2021/07/01 00:00:00,1440,0,30,30.0,1440,1440,100.0,100.0,0,0,0,False,ok,68.882111,-47.98,2386.31,8.738,27.36,57.135,95.2375,123.613,154.29,221.4248,1277.039944,933.92,1647.89,1507.3525,34,2,1,2,60
TAS,202107,TAS202107.csv,2021/07/01 00:30:00,2021/08/01 00:00:00,1488,0,30,30.0,1488,1488,100.0,100.0,0,0,0,False,ok,38.152755,-47.66,1407.69,-18.458,11.38,28.57,55.5475,81.755,116.649,195.7579,1286.801647,988.24,1663.27,1531.7635,181,2,2,1,30
TAS,202108,TAS202108.csv,2021/08/01 00:30:00,2021/09/01 00:00:00,1488,0,30,30.0,1488,1488,100.0,100.0,0,0,0,False,ok,21.456122,-37.26,171.67,-17.8125,7.7975,22.405,35.9125,46.652,56.4355,79.0867,1274.274483,940.82,1673.67,1506.3665,252,0,0,0,0
TAS,202109,TAS202109.csv,2021/09/01 00:30:00,2021/10/01 00:00:00,1440,0,30,30.0,1440,1440,100.0,100.0,0,0,0,False,ok,16.520083,-40.98,269.77,-24.702,-0.76,20.915,30.36,40.38,47.051,76.305,1208.819583,960.79,1541.24,1434.083,423,0,0,0,0
TAS,202110,TAS202110.csv,2021/10/01 00:05:00,2021/11/01 00:00:00,8928,0,5,5.0,8928,8928,100.0,100.0,0,0,0,False,ok,9.378276,-61.56,449.13,-27.4265,-0.9,8.01,24.45,40.3,40.38,58.5417,1124.646215,841.86,1525.43,1330.8095,3242,6,4,3,15
TAS,202111,TAS202111.csv,2021/11/01 00:05:00,2021/12/01 00:00:00,8640,0,5,5.0,8640,8640,100.0,100.0,0,0,0,False,ok,31.76474,-170.0,649.49,-1.01,14.205,30.75,50.61,57.16,63.82,91.5108,1069.138269,741.49,1427.32,1237.7845,742,7,7,1,5
TAS,202112,TAS202112.csv,2021/12/01 00:05:00,2022/01/01 00:00:00,8928,0,5,5.0,8928,8928,100.0,100.0,0,0,0,False,ok,49.851773,-170.0,449.56,12.934,35.7075,53.265,58.4625,71.76,85.3365,108.8633,1071.576083,727.85,1299.29,1220.79,224,16,14,2,10
TAS,202201,TAS202201.csv,2022/01/01 00:05:00,2022/02/01 00:00:00,8928,0,5,5.0,8928,8928,100.0,100.0,0,0,0,False,ok,62.542443,-77.79,449.72,19.634,45.12,59.36,73.6575,94.856,110.696,226.5846,1091.739992,859.67,1305.56,1228.8295,158,26,22,4,20
TAS,202202,TAS202202.csv,2022/02/01 00:05:00,2022/03/01 00:00:00,8064,0,5,5.0,8064,8064,100.0,100.0,0,0,0,False,ok,72.210372,-47.01,15100.0,18.5515,53.05,64.195,83.95,101.777,113.984,147.5171,1112.805281,841.18,1344.79,1244.7085,154,22,12,7,35
TAS,202203,TAS202203.csv,2022/03/01 00:05:00,2022/04/01 00:00:00,8928,0,5,5.0,8928,8928,100.0,100.0,0,0,0,False,ok,74.828884,-47.01,6734.17,25.59,60.16,73.25,91.23,104.812,113.623,149.7486,1113.598629,825.69,1398.24,1258.338,181,22,20,2,10
TAS,202204,TAS202204.csv,2022/04/01 00:05:00,2022/05/01 00:00:00,8640,0,5,5.0,8640,8640,100.0,100.0,0,0,0,False,ok,141.272558,-48.98,461.87,11.74,83.36,145.63,195.035,237.404,253.755,289.32,1136.176544,854.82,1421.72,1320.8025,219,66,48,5,25
TAS,202205,TAS202205.csv,2022/05/01 00:05:00,2022/06/01 00:00:00,8928,0,5,5.0,8928,8928,100.0,100.0,0,0,0,False,ok,217.192149,-44.9,15100.0,23.634,148.0825,224.55,280.16,317.949,352.7245,439.6296,1206.259975,846.09,1584.48,1453.6475,91,1370,285,76,380
TAS,202206,TAS202206.csv,2022/06/01 00:05:00,2022/07/01 00:00:00,8640,0,5,5.0,8640,8640,100.0,100.0,0,0,0,False,ok,286.751225,-48.77,15100.0,11.19,163.23,204.18,266.19,378.78,441.01,938.5527,1298.807269,881.93,1733.0,1553.5815,48,1703,170,442,2210
TAS,202207,TAS202207.csv,2022/07/01 00:05:00,2022/08/01 00:00:00,8928,0,5,5.0,8928,8928,100.0,100.0,0,0,0,False,ok,322.843509,-47.0,5912.85,116.983,255.34,304.515,400.5025,465.3,493.465,584.74,1298.115151,994.2,1693.01,1534.9295,6,4498,222,830,4150
TAS,202208,TAS202208.csv,2022/08/01 00:05:00,2022/09/01 00:00:00,8928,0,5,5.0,8928,8928,100.0,100.0,0,0,0,False,ok,149.506482,-47.0,2978.07,1.18,59.4775,127.26,208.79,325.32,430.762,487.32,1233.861742,812.89,1713.13,1485.154,78,1142,182,88,440
TAS,202209,TAS202209.csv,2022/09/01 00:05:00,2022/10/01 00:00:00,8640,0,5,5.0,8640,8640,100.0,100.0,0,0,0,False,ok,132.735581,-9.71,3059.4,21.859,80.2,122.19,181.36,229.747,250.0485,295.36,1169.630446,847.55,1578.61,1410.5145,19,63,36,8,40
TAS,202210,TAS202210.csv,2022/10/01 00:05:00,2022/11/01 00:00:00,8928,0,5,5.0,8928,8928,100.0,100.0,0,0,0,False,ok,121.998566,-122.26,15500.0,-11.056,37.8125,131.33,178.985,208.722,229.19,279.9965,1146.416223,619.99,1489.96,1340.112,582,70,40,12,60
TAS,202211,TAS202211.csv,2022/11/01 00:05:00,2022/12/01 00:00:00,8640,0,5,5.0,8640,8640,100.0,100.0,0,0,0,False,ok,100.984591,-206.89,15500.0,0.12,11.32,59.34,110.34,137.54,165.34,264.2145,1076.233318,785.3,1414.01,1263.5055,345,59,11,23,115
TAS,202212,TAS202212.csv,2022/12/01 00:05:00,2023/01/01 00:00:00,8928,0,5,5.0,8928,8928,100.0,100.0,0,0,0,False,ok,76.35669,-51.65,15493.4,11.26,44.9675,83.85,98.94,122.226,140.32,170.236,1082.546399,770.52,1398.93,1232.81,99,23,20,3,15
TAS,202301,TAS202301.csv,2023/01/01 00:05:00,2023/02/01 00:00:00,8928,0,5,5.0,8928,8928,100.0,100.0,0,0,0,False,ok,86.861,-50.0,450.26,11.34,54.36,83.63,120.22,144.25,150.49,162.9076,1082.773231,764.99,1315.44,1227.066,90,22,18,4,20
TAS,202302,TAS202302.csv,2023/02/01 00:05:00,2023/03/01 00:00:00,8064,0,5,5.0,8064,8064,100.0,100.0,0,0,0,False,ok,81.530675,-47.0,3450.0,11.13,37.68,84.71,120.32,135.26,143.1,180.3666,1096.585143,635.06,1331.48,1241.8585,34,25,22,2,10
TAS,202303,TAS202303.csv,2023/03/01 00:05:00,2023/04/01 00:00:00,8928,0,5,5.0,8928,8928,100.0,100.0,0,0,0,False,ok,72.349603,-61.12,15500.0,9.21,35.22,80.2,96.78,123.673,135.32,158.6057,1074.618067,811.04,1415.72,1265.563,282,15,12,4,20
TAS,202304,TAS202304.csv,2023/04/01 00:05:00,2023/05/01 00:00:00,8640,0,5,5.0,8640,8640,100.0,100.0,0,0,0,False,ok,70.032626,-50.0,1070.97,11.18,54.14,57.94,89.25,118.511,135.16,209.1657,1136.63381,833.17,1421.3,1320.804,94,20,15,3,15
TAS,202305,TAS202305.csv,2023/05/01 00:05:00,2023/06/01 00:00:00,8928,0,5,5.0,8928,8928,100.0,100.0,0,0,0,False,ok,84.159278,-47.18,15500.0,11.06,54.2,54.32,120.3825,150.21,166.008,256.2029,1243.353875,898.32,1644.35,1463.293,113,38,32,4,20
TAS,202306,TAS202306.csv,2023/06/01 00:05:00,2023/07/01 00:00:00,8640,0,5,5.0,8640,8640,100.0,100.0,0,0,0,False,ok,38.036392,-50.0,2200.0,-23.83,0.29,48.55,56.285,82.345,100.756,137.31,1272.342627,954.17,1687.05,1527.815,1068,5,4,2,10
TAS,202307,TAS202307.csv,2023/07/01 00:05:00,2023/08/01 00:00:00,8928,0,5,5.0,8928,8928,100.0,100.0,0,0,0,False,ok,23.324049,-47.0,3450.0,-33.3135,0.0,18.265,54.3,54.34,59.4825,89.03,1234.399785,890.68,1658.22,1466.46,2240,3,3,1,5
TAS,202308,TAS202308.csv,2023/08/01 00:05:00,2023/09/01 00:00:00,8928,0,5,5.0,8928,8928,100.0,100.0,0,0,0,False,ok,37.651345,-50.0,450.26,-13.783,11.12,51.25,54.32,69.113,86.753,116.1984,1197.130516,827.58,1607.86,1430.79,1107,8,7,2,10
TAS,202309,TAS202309.csv,2023/09/01 00:05:00,2023/10/01 00:00:00,8640,0,5,5.0,8640,8640,100.0,100.0,0,0,0,False,ok,26.70639,-998.07,450.1,-34.901,1.24,18.225,54.28,57.59,78.472,112.1531,1100.499014,803.73,1481.14,1316.0065,1039,7,7,1,5
TAS,202310,TAS202310.csv,2023/10/01 00:05:00,2023/11/01 00:00:00,8928,0,5,5.0,8928,8928,100.0,100.0,0,0,0,False,ok,37.655619,-69.53,450.42,0.08,11.3,36.15,54.4,70.16,94.7,108.3441,1077.928487,842.78,1495.05,1258.3565,402,22,21,2,10
TAS,202311,TAS202311.csv,2023/11/01 00:05:00,2023/12/01 00:00:00,8640,0,5,5.0,8640,8640,100.0,100.0,0,0,0,False,ok,59.968959,-52.49,914.23,11.12,26.3275,54.93,98.16,109.269,116.3205,174.056,1082.047485,814.18,1333.41,1239.782,85,8,8,1,5
TAS,202312,TAS202312.csv,2023/12/01 00:05:00,2024/01/01 00:00:00,8928,0,5,5.0,8928,8928,100.0,100.0,0,0,0,False,ok,52.094602,-63.75,400.78,10.1535,11.66,54.24,75.22,98.31,115.08,146.1506,1062.462358,830.25,1289.43,1200.4965,292,11,11,1,5
TAS,202401,TAS202401.csv,2024/01/01 00:05:00,2024/02/01 00:00:00,8928,0,5,5.0,8928,8928,100.0,100.0,0,0,0,False,ok,50.124888,-123.97,16600.0,-16.8405,20.02,53.72,80.04,85.28,100.2665,130.22,1033.165125,735.6,1275.52,1177.759,491,9,5,5,25
TAS,202402,TAS202402.csv,2024/02/01 00:05:00,2024/03/01 00:00:00,8352,0,5,5.0,8352,8352,100.0,100.0,0,0,0,False,ok,81.856005,-927.75,16600.0,10.28,20.1,55.54,71.22,100.06,100.29,160.8518,1080.75319,815.79,1354.6,1229.71,288,29,15,15,75
TAS,202403,TAS202403.csv,2024/03/01 00:05:00,2024/04/01 00:00:00,8928,0,5,5.0,8928,8928,100.0,100.0,0,0,0,False,ok,69.646141,-47.0,16600.0,11.1,32.72,70.12,99.12,100.28,115.726,176.6827,1080.844665,842.18,1365.08,1250.8095,120,25,20,5,25
TAS,202404,TAS202404.csv,2024/04/01 00:05:00,2024/05/01 00:00:00,8640,0,5,5.0,8640,8640,100.0,100.0,0,0,0,False,ok,73.349236,-50.0,450.2,11.18,54.2,69.3,100.18,115.2,131.404,180.2322,1119.99903,490.63,1509.69,1319.8995,36,21,21,1,5
TAS,202405,TAS202405.csv,2024/05/01 00:05:00,2024/06/01 00:00:00,8928,0,5,5.0,8928,8928,100.0,100.0,0,0,0,False,ok,141.032516,-77.79,608.07,12.06,83.695,149.21,197.71,238.6,270.034,301.0257,1216.456932,727.73,1611.26,1442.7835,104,144,90,11,55
TAS,202406,TAS202406.csv,2024/06/01 00:05:00,2024/07/01 00:00:00,8640,0,5,5.0,8640,8640,100.0,100.0,0,0,0,False,ok,178.249448,-50.0,16600.0,26.5385,100.38,155.475,227.5825,281.838,305.2235,449.6417,1301.753071,1005.74,1650.39,1529.2445,163,565,170,63,315
TAS,202407,TAS202407.csv,2024/07/01 00:05:00,2024/08/01 00:00:00,8928,0,5,5.0,8928,8928,100.0,100.0,0,0,0,False,ok,180.763007,-42.06,15635.31,11.25,91.29,199.26,260.18,276.133,290.5995,364.82,1342.182638,1020.4,1771.02,1599.985,53,340,137,22,110
TAS,202408,TAS202408.csv,2024/08/01 00:05:00,2024/09/01 00:00:00,8928,0,5,5.0,8928,8928,100.0,100.0,0,0,0,False,ok,128.692566,-50.83,17500.0,0.04,8.2575,100.59,172.7375,235.519,275.012,296.8838,1240.384924,869.24,1675.15,1448.47,420,86,43,20,100
TAS,202409,TAS202409.csv,2024/09/01 00:05:00,2024/10/01 00:00:00,8640,0,5,5.0,8640,8640,100.0,100.0,0,0,0,False,ok,22.511174,-61.29,449.46,-21.532,-1.8,0.395,50.3,84.6,113.162,150.2961,1137.605145,790.48,1474.75,1356.484,2576,1,1,1,5
TAS,202410,TAS202410.csv,2024/10/01 00:05:00,2024/11/01 00:00:00,8928,0,5,5.0,8928,8928,100.0,100.0,0,0,0,False,ok,49.79802,-53.16,17500.0,-1.89,0.34,23.34,92.26,120.3,122.18,206.5265,1061.068581,779.01,1410.91,1245.6625,890,41,29,4,20
TAS,202411,TAS202411.csv,2024/11/01 00:05:00,2024/12/01 00:00:00,8640,0,5,5.0,8640,8640,100.0,100.0,0,0,0,False,ok,95.855998,-70.83,450.36,9.18,45.11,104.36,129.9425,152.94,171.55,255.2751,1079.166348,811.36,1347.58,1245.642,391,48,37,4,20
TAS,202412,TAS202412.csv,2024/12/01 00:05:00,2025/01/01 00:00:00,8928,0,5,5.0,8928,8928,100.0,100.0,0,0,0,False,ok,76.106374,-161.73,12123.37,-33.0,21.2525,80.26,117.62,142.691,151.8815,215.4845,974.409094,672.33,1181.89,1104.4225,1102,23,14,5,25
TAS,202501,TAS202501.csv,2025/01/01 00:05:00,2025/02/01 00:00:00,8928,0,5,5.0,8928,8928,100.0,100.0,0,0,0,False,ok,113.634225,-55.78,350.36,11.08,119.8175,120.08,130.08,140.286,149.8805,206.9452,968.285035,692.39,1213.7,1103.9355,326,12,12,1,5
TAS,202502,TAS202502.csv,2025/02/01 00:05:00,2025/03/01 00:00:00,8064,0,5,5.0,8064,8064,100.0,100.0,0,0,0,False,ok,121.688827,-53.81,1187.99,11.1,119.16,120.08,131.265,146.372,179.351,289.7077,988.966133,751.14,1286.1,1143.411,93,65,28,10,50
TAS,202503,TAS202503.csv,2025/03/01 00:05:00,2025/04/01 00:00:00,8928,0,5,5.0,8928,8928,100.0,100.0,0,0,0,False,ok,100.043093,-44.16,476.09,11.12,65.67,120.06,122.68,140.14,145.8675,197.4868,1032.278543,784.93,1315.7,1199.5765,73,14,11,3,15
TAS,202504,TAS202504.csv,2025/04/01 00:05:00,2025/05/01 00:00:00,8640,0,5,5.0,8640,8640,100.0,100.0,0,0,0,False,ok,100.53335,-20.08,461.32,11.16,80.205,118.83,123.3125,135.63,155.282,223.1733,1069.065856,807.25,1373.99,1260.625,6,12,8,3,15
TAS,202505,TAS202505.csv,2025/05/01 00:05:00,2025/06/01 00:00:00,8928,0,5,5.0,8928,8928,100.0,100.0,0,0,0,False,ok,103.388603,-38.03,602.14,11.16,54.18,111.92,150.22,160.26,165.439,245.0506,1138.64343,868.52,1522.19,1380.11,164,34,17,11,55
TAS,202506,TAS202506.csv,2025/06/01 00:05:00,2025/07/01 00:00:00,8640,0,5,5.0,8640,8640,100.0,100.0,0,0,0,False,ok,219.341387,-20.94,16071.26,41.02,110.2,150.24,180.3625,250.19,281.7585,910.4874,1209.422582,882.27,1589.53,1416.1705,56,322,81,68,340
TAS,202507,TAS202507.csv,2025/07/01 00:05:00,2025/08/01 00:00:00,8928,0,5,5.0,8928,8928,100.0,100.0,0,0,0,False,ok,117.852067,4.63,5578.75,23.13,73.8575,117.22,160.24,190.24,200.1,230.2,1181.015858,894.9,1597.25,1401.829,0,5,5,1,5
TAS,202508,TAS202508.csv,2025/08/01 00:05:00,2025/09/01 00:00:00,8928,0,5,5.0,8928,8928,100.0,100.0,0,0,0,False,ok,125.223318,-58.91,697.83,34.93,90.1,148.12,153.83,160.24,179.24,287.4693,1107.985828,740.44,1509.12,1319.247,4,88,19,28,140
TAS,202509,TAS202509.csv,2025/09/01 00:05:00,2025/10/01 00:00:00,8640,0,5,5.0,8640,8640,100.0,100.0,0,0,0,False,ok,28.629613,-58.91,6874.28,-4.88,0.16,10.14,37.24,86.62,130.22,186.5835,1038.7781,736.33,1408.09,1251.1655,1005,10,6,4,20
TAS,202510,TAS202510.csv,2025/10/01 00:05:00,2025/11/01 00:00:00,8928,0,5,5.0,8928,8928,100.0,100.0,0,0,0,False,ok,24.545973,-58.91,420.87,-4.01,0.16,5.16,40.12,86.886,110.24,134.3123,998.906752,715.88,1352.29,1185.2695,1147,2,2,1,5
TAS,202511,TAS202511.csv,2025/11/01 00:05:00,2025/12/01 00:00:00,8640,0,5,5.0,8640,8640,100.0,100.0,0,0,0,False,ok,40.511417,-159.7,450.18,0.04,10.08,38.165,60.14,93.863,102.08,120.22,936.080723,532.03,1208.77,1111.679,250,1,1,1,5
TAS,202512,TAS202512.csv,2025/12/01 00:05:00,2026/01/01 00:00:00,8928,0,5,5.0,8928,8928,100.0,100.0,0,0,0,False,ok,59.33772,-107.18,350.02,0.12,38.08,62.41,84.18,98.25,101.16,130.8942,922.36867,572.64,1199.11,1100.0655,298,2,2,1,5
TAS,202601,TAS202601.csv,2026/01/01 00:05:00,2026/02/01 00:00:00,8928,0,5,5.0,8928,8928,100.0,100.0,0,0,0,False,ok,100.927699,-15.0,20300.0,45.12,84.44,104.325,110.06,114.333,121.1,200.06,945.847417,627.74,1201.65,1113.506,37,53,17,9,45
TAS,202602,TAS202602.csv,2026/02/01 00:05:00,2026/03/01 00:00:00,8064,0,5,5.0,8064,8064,100.0,100.0,0,0,0,False,ok,90.278069,-58.91,350.3,45.18,86.31,95.1,97.2,105.12,115.16,139.8285,908.076419,681.76,1160.52,1064.2765,3,5,5,1,5
TAS,202603,TAS202603.csv,2026/03/01 00:05:00,2026/03/18 00:00:00,4896,0,5,5.0,8928,4896,54.83871,100.0,0,0,0,True,incomplete-month;partial-month,87.515443,-15.0,174.96,50.1,78.4375,88.14,98.22,106.61,115.02,138.8775,917.754863,618.73,1165.01,1082.415,10,0,0,0,0
VIC,202101,VIC202101.csv,2021/01/01 00:30:00,2021/02/01 00:00:00,1488,0,30,30.0,1488,1488,100.0,100.0,0,0,0,False,ok,22.816048,-56.97,225.15,-28.0945,8.985,30.54,36.08,44.679,51.8765,70.679,4540.211862,2708.53,8196.83,6291.453,234,0,0,0,0
VIC,202102,VIC202102.csv,2021/02/01 00:30:00,2021/03/01 00:00:00,1344,0,30,30.0,1344,1344,100.0,100.0,0,0,0,False,ok,21.85,-54.75,173.15,-17.4565,10.115,28.95,33.0925,37.792,42.2885,58.8502,4640.523728,3112.73,7804.22,6303.531,156,0,0,0,0
VIC,202103,VIC202103.csv,2021/03/01 00:30:00,2021/04/01 00:00:00,1488,0,30,30.0,1488,1488,100.0,100.0,0,0,0,False,ok,30.363636,-28.14,253.79,4.9905,22.305,30.0,35.9825,49.565,55.0195,88.7773,4557.507715,2913.99,6115.65,5459.9545,55,0,0,0,0
VIC,202104,VIC202104.csv,2021/04/01 00:30:00,2021/05/01 00:00:00,1440,0,30,30.0,1440,1440,100.0,100.0,0,0,0,False,ok,49.466931,-69.16,330.35,-15.3095,21.9125,38.235,58.335,104.597,168.317,271.3229,4714.150833,3252.72,6632.03,5937.429,130,1,1,1,30
VIC,202105,VIC202105.csv,2021/05/01 00:30:00,2021/06/01 00:00:00,1488,0,30,30.0,1488,1488,100.0,100.0,0,0,0,False,ok,72.842372,-66.3,7443.23,-5.416,23.7975,44.2,60.25,98.803,165.4765,300.0564,4991.736095,3410.09,7042.12,6354.626,93,15,6,4,120
VIC,202106,VIC202106.csv,2021/06/01 00:30:00,2021/07/01 00:00:00,1440,0,30,30.0,1440,1440,100.0,100.0,0,0,0,False,ok,87.917361,-299.76,2642.65,3.3625,48.0575,77.66,110.2725,155.018,214.8385,277.6694,5339.142785,3631.8,7286.57,6761.809,62,6,5,2,60
VIC,202107,VIC202107.csv,2021/07/01 00:30:00,2021/08/01 00:00:00,1488,0,30,30.0,1488,1488,100.0,100.0,0,0,0,False,ok,91.723737,-70.28,2618.09,-24.499,25.4625,67.9,134.7575,239.853,286.0175,323.4435,5576.242218,3550.08,7685.69,7040.6325,200,41,16,7,210
VIC,202108,VIC202108.csv,2021/08/01 00:30:00,2021/09/01 00:00:00,1488,0,30,30.0,1488,1488,100.0,100.0,0,0,0,False,ok,47.001727,-156.35,317.75,-28.523,8.2425,46.55,76.2375,99.346,120.0935,256.2322,5025.771512,2713.18,7197.61,6467.3945,284,2,1,2,60
VIC,202109,VIC202109.csv,2021/09/01 00:30:00,2021/10/01 00:00:00,1440,0,30,30.0,1440,1440,100.0,100.0,0,0,0,False,ok,27.71584,-67.68,315.42,-35.871,-6.3225,28.355,56.8725,77.216,93.708,180.9422,4539.54275,2548.27,6830.54,5824.463,463,1,1,1,30
VIC,202110,VIC202110.csv,2021/10/01 00:05:00,2021/11/01 00:00:00,8928,0,5,5.0,8928,8928,100.0,100.0,0,0,0,False,ok,18.457205,-123.99,454.57,-40.01,-10.5,9.18,46.6325,70.749,82.0,174.2039,4339.352632,2227.09,5891.84,5464.7815,3059,1,1,1,5
VIC,202111,VIC202111.csv,2021/11/01 00:05:00,2021/12/01 00:00:00,8640,0,5,5.0,8640,8640,100.0,100.0,0,0,0,False,ok,35.016087,-999.7,334.73,-38.01,8.95,40.5,60.0,73.431,95.87,151.2415,4308.698961,2143.94,6646.46,5427.3085,1340,1,1,1,5
VIC,202112,VIC202112.csv,2021/12/01 00:05:00,2022/01/01 00:00:00,8928,0,5,5.0,8928,8928,100.0,100.0,0,0,0,False,ok,32.231134,-94.21,365.37,-40.0,2.21,30.545,60.5525,83.342,101.22,148.167,4220.544281,2123.24,7547.38,5541.9225,1918,1,1,1,5
VIC,202201,VIC202201.csv,2022/01/01 00:05:00,2022/02/01 00:00:00,8928,0,5,5.0,8928,8928,100.0,100.0,0,0,0,False,ok,60.818359,-101.95,15100.0,-27.2145,19.18,57.005,77.8275,97.6,115.0,241.6951,4934.081957,2624.14,8406.29,7190.5265,934,24,9,10,50
VIC,202202,VIC202202.csv,2022/02/01 00:05:00,2022/03/01 00:00:00,8064,0,5,5.0,8064,8064,100.0,100.0,0,0,0,False,ok,54.169763,-1000.0,338.46,-37.0,19.18,64.86,85.16,105.225,120.048,153.477,4501.828953,2675.92,7129.71,5766.6295,967,1,1,1,5
VIC,202203,VIC202203.csv,2022/03/01 00:05:00,2022/04/01 00:00:00,8928,0,5,5.0,8928,8928,100.0,100.0,0,0,0,False,ok,54.77922,-176.22,319.87,-41.19,9.21,67.435,92.485,111.983,122.5,174.0144,4634.668648,2750.7,7587.76,5767.5865,1337,2,2,1,5
VIC,202204,VIC202204.csv,2022/04/01 00:05:00,2022/05/01 00:00:00,8640,0,5,5.0,8640,8640,100.0,100.0,0,0,0,False,ok,141.505929,-58.32,2001.49,-21.042,79.495,140.875,208.455,264.149,280.04,299.5,4489.827722,2534.07,6269.12,5591.8825,620,38,19,14,70
VIC,202205,VIC202205.csv,2022/05/01 00:05:00,2022/06/01 00:00:00,8928,0,5,5.0,8928,8928,100.0,100.0,0,0,0,False,ok,233.643292,-53.35,4452.38,9.21,168.7575,252.0,299.5,338.033,380.855,462.1776,5161.72259,3190.2,7837.15,6598.6895,306,1970,270,193,965
VIC,202206,VIC202206.csv,2022/06/01 00:05:00,2022/07/01 00:00:00,8640,0,5,5.0,8640,8640,100.0,100.0,0,0,0,False,ok,296.489932,-300.0,14858.93,0.5895,191.05,282.935,366.905,464.01,528.532,846.9399,5593.188023,3758.23,7742.17,7101.9925,403,3717,212,528,2640
VIC,202207,VIC202207.csv,2022/07/01 00:05:00,2022/08/01 00:00:00,8928,0,5,5.0,8928,8928,100.0,100.0,0,0,0,False,ok,340.338514,-286.36,14632.78,-38.0,227.96,358.88,449.99,606.048,670.96,801.4335,5598.433767,3404.98,7954.67,7168.028,840,5931,206,1151,5755
VIC,202208,VIC202208.csv,2022/08/01 00:05:00,2022/09/01 00:00:00,8928,0,5,5.0,8928,8928,100.0,100.0,0,0,0,False,ok,121.006742,-122.45,1461.99,-38.0,19.935,130.69,179.0,276.048,301.01,449.99,5256.687184,2758.8,7550.62,6780.288,1418,611,99,74,370
VIC,202209,VIC202209.csv,2022/09/01 00:05:00,2022/10/01 00:00:00,8640,0,5,5.0,8640,8640,100.0,100.0,0,0,0,False,ok,111.768655,-193.02,630.34,-38.0,16.1975,136.78,172.0625,228.94,270.281,304.5688,4868.23311,2350.3,7130.23,6266.264,1279,113,21,29,145
VIC,202210,VIC202210.csv,2022/10/01 00:05:00,2022/11/01 00:00:00,8928,0,5,5.0,8928,8928,100.0,100.0,0,0,0,False,ok,98.896679,-996.19,584.31,-45.1685,8.94,126.06,170.765,212.648,247.9775,278.5595,4446.702658,2082.75,6455.4,5689.947,1622,29,20,4,20
VIC,202211,VIC202211.csv,2022/11/01 00:05:00,2022/12/01 00:00:00,8640,0,5,5.0,8640,8640,100.0,100.0,0,0,0,False,ok,58.626663,-466.3,321.04,-58.0,-7.8175,57.435,119.5,160.751,200.5,299.5,4337.487595,2400.48,6116.64,5515.89,2418,13,8,5,25
VIC,202212,VIC202212.csv,2022/12/01 00:05:00,2023/01/01 00:00:00,8928,0,5,5.0,8928,8928,100.0,100.0,0,0,0,False,ok,31.281938,-937.19,316.21,-61.993,-35.8875,19.15,91.8375,120.41,142.083,170.5,4239.377144,1976.53,8148.52,5399.0715,2964,1,1,1,5
VIC,202301,VIC202301.csv,2023/01/01 00:05:00,2023/02/01 00:00:00,8928,0,5,5.0,8928,8928,100.0,100.0,0,0,0,False,ok,48.091812,-357.44,366.9,-57.14,-6.06,66.835,106.695,128.342,144.683,169.8676,4562.665465,2656.11,8949.37,6277.115,2338,1,1,1,5
VIC,202302,VIC202302.csv,2023/02/01 00:05:00,2023/03/01 00:00:00,8064,0,5,5.0,8064,8064,100.0,100.0,0,0,0,False,ok,58.005094,-402.81,10595.57,-56.2195,-0.02,79.72,107.7975,129.021,149.58,250.9257,4583.494661,2507.4,8567.55,6315.261,2060,49,13,32,160
VIC,202303,VIC202303.csv,2023/03/01 00:05:00,2023/04/01 00:00:00,8928,0,5,5.0,8928,8928,100.0,100.0,0,0,0,False,ok,62.022873,-995.78,357.5,-54.2965,8.94,79.74,107.09,130.04,162.02,290.192,4435.475123,2472.33,6343.69,5528.15,1937,12,8,4,20
VIC,202304,VIC202304.csv,2023/04/01 00:05:00,2023/05/01 00:00:00,8640,0,5,5.0,8640,8640,100.0,100.0,0,0,0,False,ok,83.615713,-62.33,449.97,-41.7295,19.19,85.16,121.6675,174.76,251.0015,304.3654,4391.520256,2530.08,6135.41,5582.6115,1125,114,30,23,115
VIC,202305,VIC202305.csv,2023/05/01 00:05:00,2023/06/01 00:00:00,8928,0,5,5.0,8928,8928,100.0,100.0,0,0,0,False,ok,127.146851,-59.87,1021.28,-19.99,43.7225,132.86,170.82,274.492,299.5,340.9092,5168.410744,2953.17,7290.95,6613.2275,581,261,75,40,200
VIC,202306,VIC202306.csv,2023/06/01 00:05:00,2023/07/01 00:00:00,8640,0,5,5.0,8640,8640,100.0,100.0,0,0,0,False,ok,54.526148,-90.0,1176.46,-50.76,1.985,45.605,94.4225,144.268,186.6885,292.46,5328.814539,3325.93,7936.44,7018.5435,1610,47,16,26,130
VIC,202307,VIC202307.csv,2023/07/01 00:05:00,2023/08/01 00:00:00,8928,0,5,5.0,8928,8928,100.0,100.0,0,0,0,False,ok,55.210626,-121.19,1144.6,-50.01,0.9025,53.14,90.955,140.97,201.4745,299.5,5315.066038,2690.39,7782.61,6957.0555,1952,82,27,21,105
VIC,202308,VIC202308.csv,2023/08/01 00:05:00,2023/09/01 00:00:00,8928,0,5,5.0,8928,8928,100.0,100.0,0,0,0,False,ok,64.655578,-61.43,14522.26,-48.93,8.95,54.97,90.8675,141.0,203.196,299.5,5112.524319,2728.19,7517.33,6735.7765,1489,72,18,14,70
VIC,202309,VIC202309.csv,2023/09/01 00:05:00,2023/10/01 00:00:00,8640,0,5,5.0,8640,8640,100.0,100.0,0,0,0,False,ok,26.306632,-428.78,526.16,-59.87,-19.0,20.26,70.0,103.981,150.0,261.45,4372.302096,1734.91,7166.39,5947.9215,2546,13,7,4,20
VIC,202310,VIC202310.csv,2023/10/01 00:05:00,2023/11/01 00:00:00,8928,0,5,5.0,8928,8928,100.0,100.0,0,0,0,False,ok,17.189965,-428.19,299.5,-58.25,-18.99,19.19,51.56,67.622,96.7065,159.72,4255.306312,1752.33,6112.97,5586.224,2727,0,0,0,0
VIC,202311,VIC202311.csv,2023/11/01 00:05:00,2023/12/01 00:00:00,8640,0,5,5.0,8640,8640,100.0,100.0,0,0,0,False,ok,34.943748,-959.72,314.85,-58.25,-5.815,44.265,80.985,110.0,134.8045,251.4968,4165.864134,1724.66,6812.28,5317.283,2300,13,3,6,30
VIC,202312,VIC202312.csv,2023/12/01 00:05:00,2024/01/01 00:00:00,8928,0,5,5.0,8928,8928,100.0,100.0,0,0,0,False,ok,25.286223,-420.53,391.31,-60.0,-24.2,34.94,70.7225,100.0,119.034,179.955,4015.353337,1456.4,7555.79,5429.9115,2740,2,2,1,5
VIC,202401,VIC202401.csv,2024/01/01 00:05:00,2024/02/01 00:00:00,8928,0,5,5.0,8928,8928,100.0,100.0,0,0,0,False,ok,22.095065,-761.66,316.63,-63.0,-10.025,34.4,62.76,85.269,100.0,137.66,4221.447396,1729.77,7405.85,5695.136,2376,1,1,1,5
VIC,202402,VIC202402.csv,2024/02/01 00:05:00,2024/03/01 00:00:00,8352,0,5,5.0,8352,8352,100.0,100.0,0,0,0,False,ok,82.942142,-999.99,16600.0,-61.39,0.02,50.845,71.6525,100.0,134.933,299.0512,4546.770295,2141.59,9260.04,6783.233,2045,63,13,25,125
VIC,202403,VIC202403.csv,2024/03/01 00:05:00,2024/04/01 00:00:00,8928,0,5,5.0,8928,8928,100.0,100.0,0,0,0,False,ok,51.989011,-208.32,1355.88,-50.01,9.92,56.99,88.8125,106.891,134.9085,269.2613,4474.435852,2009.82,8727.62,6049.622,1511,48,13,20,100
VIC,202404,VIC202404.csv,2024/04/01 00:05:00,2024/05/01 00:00:00,8640,0,5,5.0,8640,8640,100.0,100.0,0,0,0,False,ok,84.800093,-110.24,714.57,-39.501,27.8625,87.94,121.3575,160.49,227.96,298.722,4577.392925,2579.18,6568.05,5846.298,946,30,16,10,50
VIC,202405,VIC202405.csv,2024/05/01 00:05:00,2024/06/01 00:00:00,8928,0,5,5.0,8928,8928,100.0,100.0,0,0,0,False,ok,132.965249,-110.24,776.33,-19.99,68.4825,136.78,194.87,258.873,287.8565,307.7841,5163.751461,2786.63,7468.9,6703.569,589,123,59,15,75
VIC,202406,VIC202406.csv,2024/06/01 00:05:00,2024/07/01 00:00:00,8640,0,5,5.0,8640,8640,100.0,100.0,0,0,0,False,ok,164.228051,-49.84,1096.17,8.95,92.24,157.9,238.68,299.5,313.4595,447.931,5748.984714,3635.62,8279.75,7476.3005,296,509,126,68,340
VIC,202407,VIC202407.csv,2024/07/01 00:05:00,2024/08/01 00:00:00,8928,0,5,5.0,8928,8928,100.0,100.0,0,0,0,False,ok,149.135044,-61.38,17376.9,0.02,60.53,133.0,227.565,270.82,297.258,363.5229,5918.832145,3455.85,8370.47,7565.7355,435,305,90,27,135
VIC,202408,VIC202408.csv,2024/08/01 00:05:00,2024/09/01 00:00:00,8928,0,5,5.0,8928,8928,100.0,100.0,0,0,0,False,ok,143.400941,-90.01,17500.0,-47.6765,0.0,75.345,155.9025,234.707,277.1615,354.62,5004.991295,2149.28,8241.39,6721.4395,2310,131,25,48,240
VIC,202409,VIC202409.csv,2024/09/01 00:05:00,2024/10/01 00:00:00,8640,0,5,5.0,8640,8640,100.0,100.0,0,0,0,False,ok,17.390617,-367.25,282.23,-51.85,-30.01,8.4,61.24,100.0,125.5,175.2101,4651.173326,1675.21,7182.96,6292.09,3397,0,0,0,0
VIC,202410,VIC202410.csv,2024/10/01 00:05:00,2024/11/01 00:00:00,8928,0,5,5.0,8928,8928,100.0,100.0,0,0,0,False,ok,20.363189,-1000.0,440.6,-63.2,-40.0,8.95,70.0,118.103,133.863,240.4549,4139.173604,1602.31,6585.04,5470.277,3579,3,3,1,5
VIC,202411,VIC202411.csv,2024/11/01 00:05:00,2024/12/01 00:00:00,8640,0,5,5.0,8640,8640,100.0,100.0,0,0,0,False,ok,64.083216,-1000.0,595.76,-61.3895,-19.98,85.21,130.0,160.587,183.902,262.7829,4242.108414,1491.13,7749.07,5622.916,2478,15,11,3,15
VIC,202412,VIC202412.csv,2024/12/01 00:05:00,2025/01/01 00:00:00,8928,0,5,5.0,8928,8928,100.0,100.0,0,0,0,False,ok,52.254197,-450.72,768.52,-61.8,-28.24,58.925,112.3975,159.64,189.4565,271.0782,4104.246322,1509.69,9887.28,5972.294,3034,36,7,21,105
VIC,202501,VIC202501.csv,2025/01/01 00:05:00,2025/02/01 00:00:00,8928,0,5,5.0,8928,8928,100.0,100.0,0,0,0,False,ok,48.347049,-1000.0,479.49,-59.47,-19.99,60.25,107.9,135.94,158.026,219.9722,4408.26153,1400.13,8733.41,6530.3765,2650,7,6,2,10
VIC,202502,VIC202502.csv,2025/02/01 00:05:00,2025/03/01 00:00:00,8064,0,5,5.0,8064,8064,100.0,100.0,0,0,0,False,ok,68.55206,-355.17,11346.81,-44.741,0.0,65.91,118.9925,157.093,198.025,322.9944,4829.711223,2172.32,9490.53,7510.3875,2092,131,28,22,110
VIC,202503,VIC202503.csv,2025/03/01 00:05:00,2025/04/01 00:00:00,8928,0,5,5.0,8928,8928,100.0,100.0,0,0,0,False,ok,61.746216,-169.94,525.19,-29.14,8.95,67.68,113.31,141.612,159.5,222.3004,4683.470196,1930.55,8508.96,6627.312,1786,8,7,2,10
VIC,202504,VIC202504.csv,2025/04/01 00:05:00,2025/05/01 00:00:00,8640,0,5,5.0,8640,8640,100.0,100.0,0,0,0,False,ok,74.755258,-62.51,983.96,-25.56,9.7575,79.0,119.0,148.712,177.487,267.7228,4456.826836,1987.45,6428.43,5826.0105,1529,13,5,4,20
VIC,202505,VIC202505.csv,2025/05/01 00:05:00,2025/06/01 00:00:00,8928,0,5,5.0,8928,8928,100.0,100.0,0,0,0,False,ok,78.047526,-62.95,904.09,-21.039,8.95,76.63,136.925,162.569,184.6785,274.2646,5035.513666,2217.22,8032.37,6825.1225,1635,32,8,14,70
VIC,202506,VIC202506.csv,2025/06/01 00:05:00,2025/07/01 00:00:00,8640,0,5,5.0,8640,8640,100.0,100.0,0,0,0,False,ok,264.601998,-59.88,17500.0,0.01,61.16,138.17,193.74,279.28,318.5555,4168.539,5869.305589,3042.22,8550.99,7708.9425,402,554,68,78,390
VIC,202507,VIC202507.csv,2025/07/01 00:05:00,2025/08/01 00:00:00,8928,0,5,5.0,8928,8928,100.0,100.0,0,0,0,False,ok,82.133373,-468.93,406.48,-14.0,8.95,69.905,135.445,200.02,237.99,295.22,5941.991142,3154.01,8394.41,7705.774,1244,46,22,11,55
VIC,202508,VIC202508.csv,2025/08/01 00:05:00,2025/09/01 00:00:00,8928,0,5,5.0,8928,8928,100.0,100.0,0,0,0,False,ok,93.187692,-999.98,979.87,-11.7,19.0,80.01,145.84,197.396,243.7235,398.7909,5550.726587,2380.63,8210.24,7387.3805,1279,146,21,56,280
VIC,202509,VIC202509.csv,2025/09/01 00:05:00,2025/10/01 00:00:00,8640,0,5,5.0,8640,8640,100.0,100.0,0,0,0,False,ok,55.274823,-78.18,623.92,-21.28,-10.0,33.55,98.455,158.97,200.3145,299.5,4821.861404,1811.89,7513.36,6595.804,2982,79,10,60,300
VIC,202510,VIC202510.csv,2025/10/01 00:05:00,2025/11/01 00:00:00,8928,0,5,5.0,8928,8928,100.0,100.0,0,0,0,False,ok,51.365933,-110.62,550.89,-32.613,-10.0,19.35,109.535,158.97,184.23,242.9349,4444.862653,1608.76,6972.08,5735.7975,3704,10,7,2,10
VIC,202511,VIC202511.csv,2025/11/01 00:05:00,2025/12/01 00:00:00,8640,0,5,5.0,8640,8640,100.0,100.0,0,0,0,False,ok,31.919985,-209.3,298.1,-33.67,-11.0,7.47,80.0,118.69,137.652,176.2181,4335.073021,1710.3,6569.9,5590.4605,4074,0,0,0,0
VIC,202512,VIC202512.csv,2025/12/01 00:05:00,2026/01/01 00:00:00,8928,0,5,5.0,8928,8928,100.0,100.0,0,0,0,False,ok,27.506102,-253.6,324.26,-60.0,-7.9925,8.95,77.38,116.293,135.7315,181.32,4190.068489,1224.77,8145.5,5902.619,3654,5,2,4,20
VIC,202601,VIC202601.csv,2026/01/01 00:05:00,2026/02/01 00:00:00,8928,0,5,5.0,8928,8928,100.0,100.0,0,0,0,False,ok,38.551793,-162.36,3026.01,-23.968,-2.7,19.18,63.615,98.698,129.5595,297.7999,4617.968735,1409.44,10783.74,7026.2775,2641,83,14,28,140
VIC,202602,VIC202602.csv,2026/02/01 00:05:00,2026/03/01 00:00:00,8064,0,5,5.0,8064,8064,100.0,100.0,0,0,0,False,ok,45.056365,-715.11,269.78,-13.62,1.67,46.66,75.8325,104.174,126.48,165.9474,4692.463686,2027.97,8786.93,6362.3815,1716,0,0,0,0
VIC,202603,VIC202603.csv,2026/03/01 00:05:00,2026/03/18 00:00:00,4896,0,5,5.0,8928,4896,54.83871,100.0,0,0,0,True,incomplete-month;partial-month,37.998409,-969.97,171.96,-33.95,-3.8225,34.775,75.05,100.0,115.67,139.69,4645.371379,2053.38,7288.12,5878.3975,1471,0,0,0,0
